id,1000G population code,population,1000G superpopulation code
HG02461,GWD,Gambian in Western Divisions in the Gambia,AFR
HG02462,GWD,Gambian in Western Divisions in the Gambia,AFR
HG02464,GWD,Gambian in Western Divisions in the Gambia,AFR
HG02465,GWD,Gambian in Western Divisions in the Gambia,AFR
HG02561,GWD,Gambian in Western Divisions in the Gambia,AFR
HG02562,GWD,Gambian in Western Divisions in the Gambia,AFR
HG02568,GWD,Gambian in Western Divisions in the Gambia,AFR
HG02570,GWD,Gambian in Western Divisions in the Gambia,AFR
HG02571,GWD,Gambian in Western Divisions in the Gambia,AFR
HG02573,GWD,Gambian in Western Divisions in the Gambia,AFR
HG02574,GWD,Gambian in Western Divisions in the Gambia,AFR
HG02582,GWD,Gambian in Western Divisions in the Gambia,AFR
HG02583,GWD,Gambian in Western Divisions in the Gambia,AFR
HG02585,GWD,Gambian in Western Divisions in the Gambia,AFR
HG02586,GWD,Gambian in Western Divisions in the Gambia,AFR
HG02588,GWD,Gambian in Western Divisions in the Gambia,AFR
HG02589,GWD,Gambian in Western Divisions in the Gambia,AFR
HG02594,GWD,Gambian in Western Divisions in the Gambia,AFR
HG02595,GWD,Gambian in Western Divisions in the Gambia,AFR
HG02610,GWD,Gambian in Western Divisions in the Gambia,AFR
HG02611,GWD,Gambian in Western Divisions in the Gambia,AFR
HG02613,GWD,Gambian in Western Divisions in the Gambia,AFR
HG02614,GWD,Gambian in Western Divisions in the Gambia,AFR
HG02620,GWD,Gambian in Western Divisions in the Gambia,AFR
HG02621,GWD,Gambian in Western Divisions in the Gambia,AFR
HG02623,GWD,Gambian in Western Divisions in the Gambia,AFR
HG02624,GWD,Gambian in Western Divisions in the Gambia,AFR
HG02628,GWD,Gambian in Western Divisions in the Gambia,AFR
HG02629,GWD,Gambian in Western Divisions in the Gambia,AFR
HG02634,GWD,Gambian in Western Divisions in the Gambia,AFR
HG02635,GWD,Gambian in Western Divisions in the Gambia,AFR
HG02642,GWD,Gambian in Western Divisions in the Gambia,AFR
HG02643,GWD,Gambian in Western Divisions in the Gambia,AFR
HG02645,GWD,Gambian in Western Divisions in the Gambia,AFR
HG02646,GWD,Gambian in Western Divisions in the Gambia,AFR
HG02666,GWD,Gambian in Western Divisions in the Gambia,AFR
HG02667,GWD,Gambian in Western Divisions in the Gambia,AFR
HG02675,GWD,Gambian in Western Divisions in the Gambia,AFR
HG02676,GWD,Gambian in Western Divisions in the Gambia,AFR
HG02678,GWD,Gambian in Western Divisions in the Gambia,AFR
HG02679,GWD,Gambian in Western Divisions in the Gambia,AFR
HG02702,GWD,Gambian in Western Divisions in the Gambia,AFR
HG02703,GWD,Gambian in Western Divisions in the Gambia,AFR
HG02715,GWD,Gambian in Western Divisions in the Gambia,AFR
HG02716,GWD,Gambian in Western Divisions in the Gambia,AFR
HG02721,GWD,Gambian in Western Divisions in the Gambia,AFR
HG02722,GWD,Gambian in Western Divisions in the Gambia,AFR
HG02756,GWD,Gambian in Western Divisions in the Gambia,AFR
HG02757,GWD,Gambian in Western Divisions in the Gambia,AFR
HG02759,GWD,Gambian in Western Divisions in the Gambia,AFR
HG02760,GWD,Gambian in Western Divisions in the Gambia,AFR
HG02763,GWD,Gambian in Western Divisions in the Gambia,AFR
HG02768,GWD,Gambian in Western Divisions in the Gambia,AFR
HG02769,GWD,Gambian in Western Divisions in the Gambia,AFR
HG02771,GWD,Gambian in Western Divisions in the Gambia,AFR
HG02772,GWD,Gambian in Western Divisions in the Gambia,AFR
HG02798,GWD,Gambian in Western Divisions in the Gambia,AFR
HG02799,GWD,Gambian in Western Divisions in the Gambia,AFR
HG02804,GWD,Gambian in Western Divisions in the Gambia,AFR
HG02805,GWD,Gambian in Western Divisions in the Gambia,AFR
HG02807,GWD,Gambian in Western Divisions in the Gambia,AFR
HG02808,GWD,Gambian in Western Divisions in the Gambia,AFR
HG02810,GWD,Gambian in Western Divisions in the Gambia,AFR
HG02811,GWD,Gambian in Western Divisions in the Gambia,AFR
HG02813,GWD,Gambian in Western Divisions in the Gambia,AFR
HG02814,GWD,Gambian in Western Divisions in the Gambia,AFR
HG02816,GWD,Gambian in Western Divisions in the Gambia,AFR
HG02817,GWD,Gambian in Western Divisions in the Gambia,AFR
HG02819,GWD,Gambian in Western Divisions in the Gambia,AFR
HG02820,GWD,Gambian in Western Divisions in the Gambia,AFR
HG02836,GWD,Gambian in Western Divisions in the Gambia,AFR
HG02837,GWD,Gambian in Western Divisions in the Gambia,AFR
HG02839,GWD,Gambian in Western Divisions in the Gambia,AFR
HG02840,GWD,Gambian in Western Divisions in the Gambia,AFR
HG02851,GWD,Gambian in Western Divisions in the Gambia,AFR
HG02852,GWD,Gambian in Western Divisions in the Gambia,AFR
HG02854,GWD,Gambian in Western Divisions in the Gambia,AFR
HG02855,GWD,Gambian in Western Divisions in the Gambia,AFR
HG02860,GWD,Gambian in Western Divisions in the Gambia,AFR
HG02861,GWD,Gambian in Western Divisions in the Gambia,AFR
HG02870,GWD,Gambian in Western Divisions in the Gambia,AFR
HG02878,GWD,Gambian in Western Divisions in the Gambia,AFR
HG02879,GWD,Gambian in Western Divisions in the Gambia,AFR
HG02881,GWD,Gambian in Western Divisions in the Gambia,AFR
HG02882,GWD,Gambian in Western Divisions in the Gambia,AFR
HG02884,GWD,Gambian in Western Divisions in the Gambia,AFR
HG02885,GWD,Gambian in Western Divisions in the Gambia,AFR
HG02887,GWD,Gambian in Western Divisions in the Gambia,AFR
HG02888,GWD,Gambian in Western Divisions in the Gambia,AFR
HG02890,GWD,Gambian in Western Divisions in the Gambia,AFR
HG02891,GWD,Gambian in Western Divisions in the Gambia,AFR
HG02895,GWD,Gambian in Western Divisions in the Gambia,AFR
HG02896,GWD,Gambian in Western Divisions in the Gambia,AFR
HG02922,ESN,Esan in Nigeria,AFR
HG02923,ESN,Esan in Nigeria,AFR
HG02938,ESN,Esan in Nigeria,AFR
HG02941,ESN,Esan in Nigeria,AFR
HG02943,ESN,Esan in Nigeria,AFR
HG02944,ESN,Esan in Nigeria,AFR
HG02946,ESN,Esan in Nigeria,AFR
HG02947,ESN,Esan in Nigeria,AFR
HG02952,ESN,Esan in Nigeria,AFR
HG02953,ESN,Esan in Nigeria,AFR
HG02968,ESN,Esan in Nigeria,AFR
HG02970,ESN,Esan in Nigeria,AFR
HG02971,ESN,Esan in Nigeria,AFR
HG02973,ESN,Esan in Nigeria,AFR
HG02974,ESN,Esan in Nigeria,AFR
HG02976,ESN,Esan in Nigeria,AFR
HG02977,ESN,Esan in Nigeria,AFR
HG02979,ESN,Esan in Nigeria,AFR
HG02981,ESN,Esan in Nigeria,AFR
HG02982,GWD,Gambian in Western Divisions in the Gambia,AFR
HG02983,GWD,Gambian in Western Divisions in the Gambia,AFR
HG03024,GWD,Gambian in Western Divisions in the Gambia,AFR
HG03025,GWD,Gambian in Western Divisions in the Gambia,AFR
HG03027,GWD,Gambian in Western Divisions in the Gambia,AFR
HG03028,GWD,Gambian in Western Divisions in the Gambia,AFR
HG03039,GWD,Gambian in Western Divisions in the Gambia,AFR
HG03040,GWD,Gambian in Western Divisions in the Gambia,AFR
HG03045,GWD,Gambian in Western Divisions in the Gambia,AFR
HG03046,GWD,Gambian in Western Divisions in the Gambia,AFR
HG03048,GWD,Gambian in Western Divisions in the Gambia,AFR
HG03049,GWD,Gambian in Western Divisions in the Gambia,AFR
HG03052,MSL,Mende in Sierra Leone,AFR
HG03054,MSL,Mende in Sierra Leone,AFR
HG03055,MSL,Mende in Sierra Leone,AFR
HG03057,MSL,Mende in Sierra Leone,AFR
HG03058,MSL,Mende in Sierra Leone,AFR
HG03060,MSL,Mende in Sierra Leone,AFR
HG03061,MSL,Mende in Sierra Leone,AFR
HG03063,MSL,Mende in Sierra Leone,AFR
HG03064,MSL,Mende in Sierra Leone,AFR
HG03066,MSL,Mende in Sierra Leone,AFR
HG03069,MSL,Mende in Sierra Leone,AFR
HG03072,MSL,Mende in Sierra Leone,AFR
HG03073,MSL,Mende in Sierra Leone,AFR
HG03074,MSL,Mende in Sierra Leone,AFR
HG03077,MSL,Mende in Sierra Leone,AFR
HG03078,MSL,Mende in Sierra Leone,AFR
HG03079,MSL,Mende in Sierra Leone,AFR
HG03081,MSL,Mende in Sierra Leone,AFR
HG03082,MSL,Mende in Sierra Leone,AFR
HG03084,MSL,Mende in Sierra Leone,AFR
HG03085,MSL,Mende in Sierra Leone,AFR
HG03086,MSL,Mende in Sierra Leone,AFR
HG03088,MSL,Mende in Sierra Leone,AFR
HG03091,MSL,Mende in Sierra Leone,AFR
HG03095,MSL,Mende in Sierra Leone,AFR
HG03096,MSL,Mende in Sierra Leone,AFR
HG03097,MSL,Mende in Sierra Leone,AFR
HG03099,ESN,Esan in Nigeria,AFR
HG03100,ESN,Esan in Nigeria,AFR
HG03103,ESN,Esan in Nigeria,AFR
HG03105,ESN,Esan in Nigeria,AFR
HG03108,ESN,Esan in Nigeria,AFR
HG03109,ESN,Esan in Nigeria,AFR
HG03111,ESN,Esan in Nigeria,AFR
HG03112,ESN,Esan in Nigeria,AFR
HG03114,ESN,Esan in Nigeria,AFR
HG03115,ESN,Esan in Nigeria,AFR
HG03117,ESN,Esan in Nigeria,AFR
HG03118,ESN,Esan in Nigeria,AFR
HG03120,ESN,Esan in Nigeria,AFR
HG03121,ESN,Esan in Nigeria,AFR
HG03123,ESN,Esan in Nigeria,AFR
HG03124,ESN,Esan in Nigeria,AFR
HG03126,ESN,Esan in Nigeria,AFR
HG03127,ESN,Esan in Nigeria,AFR
HG03129,ESN,Esan in Nigeria,AFR
HG03130,ESN,Esan in Nigeria,AFR
HG03132,ESN,Esan in Nigeria,AFR
HG03133,ESN,Esan in Nigeria,AFR
HG03135,ESN,Esan in Nigeria,AFR
HG03136,ESN,Esan in Nigeria,AFR
HG03139,ESN,Esan in Nigeria,AFR
HG03157,ESN,Esan in Nigeria,AFR
HG03159,ESN,Esan in Nigeria,AFR
HG03160,ESN,Esan in Nigeria,AFR
HG03162,ESN,Esan in Nigeria,AFR
HG03163,ESN,Esan in Nigeria,AFR
HG03166,ESN,Esan in Nigeria,AFR
HG03168,ESN,Esan in Nigeria,AFR
HG03169,ESN,Esan in Nigeria,AFR
HG03172,ESN,Esan in Nigeria,AFR
HG03175,ESN,Esan in Nigeria,AFR
HG03189,ESN,Esan in Nigeria,AFR
HG03190,ESN,Esan in Nigeria,AFR
HG03193,ESN,Esan in Nigeria,AFR
HG03195,ESN,Esan in Nigeria,AFR
HG03196,ESN,Esan in Nigeria,AFR
HG03198,ESN,Esan in Nigeria,AFR
HG03199,ESN,Esan in Nigeria,AFR
HG03202,ESN,Esan in Nigeria,AFR
HG03209,MSL,Mende in Sierra Leone,AFR
HG03212,MSL,Mende in Sierra Leone,AFR
HG03224,MSL,Mende in Sierra Leone,AFR
HG03225,MSL,Mende in Sierra Leone,AFR
HG03240,GWD,Gambian in Western Divisions in the Gambia,AFR
HG03241,GWD,Gambian in Western Divisions in the Gambia,AFR
HG03246,GWD,Gambian in Western Divisions in the Gambia,AFR
HG03247,GWD,Gambian in Western Divisions in the Gambia,AFR
HG03258,GWD,Gambian in Western Divisions in the Gambia,AFR
HG03259,GWD,Gambian in Western Divisions in the Gambia,AFR
HG03265,ESN,Esan in Nigeria,AFR
HG03267,ESN,Esan in Nigeria,AFR
HG03268,ESN,Esan in Nigeria,AFR
HG03270,ESN,Esan in Nigeria,AFR
HG03271,ESN,Esan in Nigeria,AFR
HG03279,ESN,Esan in Nigeria,AFR
HG03280,ESN,Esan in Nigeria,AFR
HG03291,ESN,Esan in Nigeria,AFR
HG03294,ESN,Esan in Nigeria,AFR
HG03295,ESN,Esan in Nigeria,AFR
HG03297,ESN,Esan in Nigeria,AFR
HG03298,ESN,Esan in Nigeria,AFR
HG03300,ESN,Esan in Nigeria,AFR
HG03301,ESN,Esan in Nigeria,AFR
HG03303,ESN,Esan in Nigeria,AFR
HG03304,ESN,Esan in Nigeria,AFR
HG03311,ESN,Esan in Nigeria,AFR
HG03313,ESN,Esan in Nigeria,AFR
HG03342,ESN,Esan in Nigeria,AFR
HG03343,ESN,Esan in Nigeria,AFR
HG03351,ESN,Esan in Nigeria,AFR
HG03352,ESN,Esan in Nigeria,AFR
HG03354,ESN,Esan in Nigeria,AFR
HG03363,ESN,Esan in Nigeria,AFR
HG03366,ESN,Esan in Nigeria,AFR
HG03367,ESN,Esan in Nigeria,AFR
HG03369,ESN,Esan in Nigeria,AFR
HG03370,ESN,Esan in Nigeria,AFR
HG03372,ESN,Esan in Nigeria,AFR
HG03376,MSL,Mende in Sierra Leone,AFR
HG03378,MSL,Mende in Sierra Leone,AFR
HG03380,MSL,Mende in Sierra Leone,AFR
HG03382,MSL,Mende in Sierra Leone,AFR
HG03385,MSL,Mende in Sierra Leone,AFR
HG03388,MSL,Mende in Sierra Leone,AFR
HG03391,MSL,Mende in Sierra Leone,AFR
HG03394,MSL,Mende in Sierra Leone,AFR
HG03397,MSL,Mende in Sierra Leone,AFR
HG03401,MSL,Mende in Sierra Leone,AFR
HG03410,MSL,Mende in Sierra Leone,AFR
HG03419,MSL,Mende in Sierra Leone,AFR
HG03428,MSL,Mende in Sierra Leone,AFR
HG03432,MSL,Mende in Sierra Leone,AFR
HG03433,MSL,Mende in Sierra Leone,AFR
HG03436,MSL,Mende in Sierra Leone,AFR
HG03437,MSL,Mende in Sierra Leone,AFR
HG03439,MSL,Mende in Sierra Leone,AFR
HG03442,MSL,Mende in Sierra Leone,AFR
HG03445,MSL,Mende in Sierra Leone,AFR
HG03446,MSL,Mende in Sierra Leone,AFR
HG03449,MSL,Mende in Sierra Leone,AFR
HG03451,MSL,Mende in Sierra Leone,AFR
HG03452,MSL,Mende in Sierra Leone,AFR
HG03455,MSL,Mende in Sierra Leone,AFR
HG03457,MSL,Mende in Sierra Leone,AFR
HG03458,MSL,Mende in Sierra Leone,AFR
HG03460,MSL,Mende in Sierra Leone,AFR
HG03461,MSL,Mende in Sierra Leone,AFR
HG03464,MSL,Mende in Sierra Leone,AFR
HG03469,MSL,Mende in Sierra Leone,AFR
HG03470,MSL,Mende in Sierra Leone,AFR
HG03472,MSL,Mende in Sierra Leone,AFR
HG03473,MSL,Mende in Sierra Leone,AFR
HG03476,MSL,Mende in Sierra Leone,AFR
HG03478,MSL,Mende in Sierra Leone,AFR
HG03479,MSL,Mende in Sierra Leone,AFR
HG03484,MSL,Mende in Sierra Leone,AFR
HG03485,MSL,Mende in Sierra Leone,AFR
HG03499,ESN,Esan in Nigeria,AFR
HG03511,ESN,Esan in Nigeria,AFR
HG03514,ESN,Esan in Nigeria,AFR
HG03515,ESN,Esan in Nigeria,AFR
HG03517,ESN,Esan in Nigeria,AFR
HG03518,ESN,Esan in Nigeria,AFR
HG03520,ESN,Esan in Nigeria,AFR
HG03521,ESN,Esan in Nigeria,AFR
HG03538,GWD,Gambian in Western Divisions in the Gambia,AFR
HG03539,GWD,Gambian in Western Divisions in the Gambia,AFR
HG03547,MSL,Mende in Sierra Leone,AFR
HG03548,MSL,Mende in Sierra Leone,AFR
HG03556,MSL,Mende in Sierra Leone,AFR
HG03557,MSL,Mende in Sierra Leone,AFR
HG03558,MSL,Mende in Sierra Leone,AFR
HG03559,MSL,Mende in Sierra Leone,AFR
HG03563,MSL,Mende in Sierra Leone,AFR
HG03565,MSL,Mende in Sierra Leone,AFR
HG03567,MSL,Mende in Sierra Leone,AFR
HG03571,MSL,Mende in Sierra Leone,AFR
HG03572,MSL,Mende in Sierra Leone,AFR
HG03575,MSL,Mende in Sierra Leone,AFR
HG03577,MSL,Mende in Sierra Leone,AFR
HG03578,MSL,Mende in Sierra Leone,AFR
HG03583,MSL,Mende in Sierra Leone,AFR
NA18486,YRI,Yoruba in Ibadan: Nigeria,AFR
NA18488,YRI,Yoruba in Ibadan: Nigeria,AFR
NA18489,YRI,Yoruba in Ibadan: Nigeria,AFR
NA18498,YRI,Yoruba in Ibadan: Nigeria,AFR
NA18499,YRI,Yoruba in Ibadan: Nigeria,AFR
NA18501,YRI,Yoruba in Ibadan: Nigeria,AFR
NA18502,YRI,Yoruba in Ibadan: Nigeria,AFR
NA18504,YRI,Yoruba in Ibadan: Nigeria,AFR
NA18505,YRI,Yoruba in Ibadan: Nigeria,AFR
NA18507,YRI,Yoruba in Ibadan: Nigeria,AFR
NA18508,YRI,Yoruba in Ibadan: Nigeria,AFR
NA18510,YRI,Yoruba in Ibadan: Nigeria,AFR
NA18511,YRI,Yoruba in Ibadan: Nigeria,AFR
NA18516,YRI,Yoruba in Ibadan: Nigeria,AFR
NA18517,YRI,Yoruba in Ibadan: Nigeria,AFR
NA18519,YRI,Yoruba in Ibadan: Nigeria,AFR
NA18520,YRI,Yoruba in Ibadan: Nigeria,AFR
NA18522,YRI,Yoruba in Ibadan: Nigeria,AFR
NA18523,YRI,Yoruba in Ibadan: Nigeria,AFR
NA18853,YRI,Yoruba in Ibadan: Nigeria,AFR
NA18856,YRI,Yoruba in Ibadan: Nigeria,AFR
NA18858,YRI,Yoruba in Ibadan: Nigeria,AFR
NA18861,YRI,Yoruba in Ibadan: Nigeria,AFR
NA18864,YRI,Yoruba in Ibadan: Nigeria,AFR
NA18865,YRI,Yoruba in Ibadan: Nigeria,AFR
NA18867,YRI,Yoruba in Ibadan: Nigeria,AFR
NA18868,YRI,Yoruba in Ibadan: Nigeria,AFR
NA18870,YRI,Yoruba in Ibadan: Nigeria,AFR
NA18871,YRI,Yoruba in Ibadan: Nigeria,AFR
NA18873,YRI,Yoruba in Ibadan: Nigeria,AFR
NA18874,YRI,Yoruba in Ibadan: Nigeria,AFR
NA18876,YRI,Yoruba in Ibadan: Nigeria,AFR
NA18877,YRI,Yoruba in Ibadan: Nigeria,AFR
NA18878,YRI,Yoruba in Ibadan: Nigeria,AFR
NA18879,YRI,Yoruba in Ibadan: Nigeria,AFR
NA18881,YRI,Yoruba in Ibadan: Nigeria,AFR
NA18907,YRI,Yoruba in Ibadan: Nigeria,AFR
NA18908,YRI,Yoruba in Ibadan: Nigeria,AFR
NA18909,YRI,Yoruba in Ibadan: Nigeria,AFR
NA18910,YRI,Yoruba in Ibadan: Nigeria,AFR
NA18912,YRI,Yoruba in Ibadan: Nigeria,AFR
NA18915,YRI,Yoruba in Ibadan: Nigeria,AFR
NA18916,YRI,Yoruba in Ibadan: Nigeria,AFR
NA18917,YRI,Yoruba in Ibadan: Nigeria,AFR
NA18923,YRI,Yoruba in Ibadan: Nigeria,AFR
NA18924,YRI,Yoruba in Ibadan: Nigeria,AFR
NA18933,YRI,Yoruba in Ibadan: Nigeria,AFR
NA18934,YRI,Yoruba in Ibadan: Nigeria,AFR
NA19017,LWK,Luhya in Webuye: Kenya,AFR
NA19019,LWK,Luhya in Webuye: Kenya,AFR
NA19020,LWK,Luhya in Webuye: Kenya,AFR
NA19023,LWK,Luhya in Webuye: Kenya,AFR
NA19024,LWK,Luhya in Webuye: Kenya,AFR
NA19025,LWK,Luhya in Webuye: Kenya,AFR
NA19026,LWK,Luhya in Webuye: Kenya,AFR
NA19027,LWK,Luhya in Webuye: Kenya,AFR
NA19028,LWK,Luhya in Webuye: Kenya,AFR
NA19030,LWK,Luhya in Webuye: Kenya,AFR
NA19031,LWK,Luhya in Webuye: Kenya,AFR
NA19035,LWK,Luhya in Webuye: Kenya,AFR
NA19036,LWK,Luhya in Webuye: Kenya,AFR
NA19037,LWK,Luhya in Webuye: Kenya,AFR
NA19038,LWK,Luhya in Webuye: Kenya,AFR
NA19041,LWK,Luhya in Webuye: Kenya,AFR
NA19042,LWK,Luhya in Webuye: Kenya,AFR
NA19043,LWK,Luhya in Webuye: Kenya,AFR
NA19092,YRI,Yoruba in Ibadan: Nigeria,AFR
NA19093,YRI,Yoruba in Ibadan: Nigeria,AFR
NA19095,YRI,Yoruba in Ibadan: Nigeria,AFR
NA19096,YRI,Yoruba in Ibadan: Nigeria,AFR
NA19098,YRI,Yoruba in Ibadan: Nigeria,AFR
NA19099,YRI,Yoruba in Ibadan: Nigeria,AFR
NA19102,YRI,Yoruba in Ibadan: Nigeria,AFR
NA19107,YRI,Yoruba in Ibadan: Nigeria,AFR
NA19108,YRI,Yoruba in Ibadan: Nigeria,AFR
NA19113,YRI,Yoruba in Ibadan: Nigeria,AFR
NA19114,YRI,Yoruba in Ibadan: Nigeria,AFR
NA19116,YRI,Yoruba in Ibadan: Nigeria,AFR
NA19117,YRI,Yoruba in Ibadan: Nigeria,AFR
NA19118,YRI,Yoruba in Ibadan: Nigeria,AFR
NA19119,YRI,Yoruba in Ibadan: Nigeria,AFR
NA19121,YRI,Yoruba in Ibadan: Nigeria,AFR
NA19129,YRI,Yoruba in Ibadan: Nigeria,AFR
NA19130,YRI,Yoruba in Ibadan: Nigeria,AFR
NA19131,YRI,Yoruba in Ibadan: Nigeria,AFR
NA19137,YRI,Yoruba in Ibadan: Nigeria,AFR
NA19138,YRI,Yoruba in Ibadan: Nigeria,AFR
NA19141,YRI,Yoruba in Ibadan: Nigeria,AFR
NA19143,YRI,Yoruba in Ibadan: Nigeria,AFR
NA19144,YRI,Yoruba in Ibadan: Nigeria,AFR
NA19146,YRI,Yoruba in Ibadan: Nigeria,AFR
NA19147,YRI,Yoruba in Ibadan: Nigeria,AFR
NA19149,YRI,Yoruba in Ibadan: Nigeria,AFR
NA19152,YRI,Yoruba in Ibadan: Nigeria,AFR
NA19153,YRI,Yoruba in Ibadan: Nigeria,AFR
NA19159,YRI,Yoruba in Ibadan: Nigeria,AFR
NA19160,YRI,Yoruba in Ibadan: Nigeria,AFR
NA19171,YRI,Yoruba in Ibadan: Nigeria,AFR
NA19172,YRI,Yoruba in Ibadan: Nigeria,AFR
NA19175,YRI,Yoruba in Ibadan: Nigeria,AFR
NA19184,YRI,Yoruba in Ibadan: Nigeria,AFR
NA19185,YRI,Yoruba in Ibadan: Nigeria,AFR
NA19189,YRI,Yoruba in Ibadan: Nigeria,AFR
NA19190,YRI,Yoruba in Ibadan: Nigeria,AFR
NA19197,YRI,Yoruba in Ibadan: Nigeria,AFR
NA19198,YRI,Yoruba in Ibadan: Nigeria,AFR
NA19200,YRI,Yoruba in Ibadan: Nigeria,AFR
NA19201,YRI,Yoruba in Ibadan: Nigeria,AFR
NA19204,YRI,Yoruba in Ibadan: Nigeria,AFR
NA19206,YRI,Yoruba in Ibadan: Nigeria,AFR
NA19207,YRI,Yoruba in Ibadan: Nigeria,AFR
NA19209,YRI,Yoruba in Ibadan: Nigeria,AFR
NA19210,YRI,Yoruba in Ibadan: Nigeria,AFR
NA19213,YRI,Yoruba in Ibadan: Nigeria,AFR
NA19214,YRI,Yoruba in Ibadan: Nigeria,AFR
NA19222,YRI,Yoruba in Ibadan: Nigeria,AFR
NA19223,YRI,Yoruba in Ibadan: Nigeria,AFR
NA19225,YRI,Yoruba in Ibadan: Nigeria,AFR
NA19235,YRI,Yoruba in Ibadan: Nigeria,AFR
NA19236,YRI,Yoruba in Ibadan: Nigeria,AFR
NA19238,YRI,Yoruba in Ibadan: Nigeria,AFR
NA19239,YRI,Yoruba in Ibadan: Nigeria,AFR
NA19247,YRI,Yoruba in Ibadan: Nigeria,AFR
NA19248,YRI,Yoruba in Ibadan: Nigeria,AFR
NA19256,YRI,Yoruba in Ibadan: Nigeria,AFR
NA19257,YRI,Yoruba in Ibadan: Nigeria,AFR
NA19307,LWK,Luhya in Webuye: Kenya,AFR
NA19308,LWK,Luhya in Webuye: Kenya,AFR
NA19309,LWK,Luhya in Webuye: Kenya,AFR
NA19310,LWK,Luhya in Webuye: Kenya,AFR
NA19312,LWK,Luhya in Webuye: Kenya,AFR
NA19314,LWK,Luhya in Webuye: Kenya,AFR
NA19315,LWK,Luhya in Webuye: Kenya,AFR
NA19316,LWK,Luhya in Webuye: Kenya,AFR
NA19317,LWK,Luhya in Webuye: Kenya,AFR
NA19318,LWK,Luhya in Webuye: Kenya,AFR
NA19319,LWK,Luhya in Webuye: Kenya,AFR
NA19320,LWK,Luhya in Webuye: Kenya,AFR
NA19321,LWK,Luhya in Webuye: Kenya,AFR
NA19323,LWK,Luhya in Webuye: Kenya,AFR
NA19324,LWK,Luhya in Webuye: Kenya,AFR
NA19327,LWK,Luhya in Webuye: Kenya,AFR
NA19328,LWK,Luhya in Webuye: Kenya,AFR
NA19331,LWK,Luhya in Webuye: Kenya,AFR
NA19332,LWK,Luhya in Webuye: Kenya,AFR
NA19334,LWK,Luhya in Webuye: Kenya,AFR
NA19338,LWK,Luhya in Webuye: Kenya,AFR
NA19346,LWK,Luhya in Webuye: Kenya,AFR
NA19347,LWK,Luhya in Webuye: Kenya,AFR
NA19350,LWK,Luhya in Webuye: Kenya,AFR
NA19351,LWK,Luhya in Webuye: Kenya,AFR
NA19355,LWK,Luhya in Webuye: Kenya,AFR
NA19360,LWK,Luhya in Webuye: Kenya,AFR
NA19372,LWK,Luhya in Webuye: Kenya,AFR
NA19374,LWK,Luhya in Webuye: Kenya,AFR
NA19375,LWK,Luhya in Webuye: Kenya,AFR
NA19376,LWK,Luhya in Webuye: Kenya,AFR
NA19377,LWK,Luhya in Webuye: Kenya,AFR
NA19378,LWK,Luhya in Webuye: Kenya,AFR
NA19379,LWK,Luhya in Webuye: Kenya,AFR
NA19380,LWK,Luhya in Webuye: Kenya,AFR
NA19383,LWK,Luhya in Webuye: Kenya,AFR
NA19384,LWK,Luhya in Webuye: Kenya,AFR
NA19385,LWK,Luhya in Webuye: Kenya,AFR
NA19390,LWK,Luhya in Webuye: Kenya,AFR
NA19391,LWK,Luhya in Webuye: Kenya,AFR
NA19393,LWK,Luhya in Webuye: Kenya,AFR
NA19394,LWK,Luhya in Webuye: Kenya,AFR
NA19395,LWK,Luhya in Webuye: Kenya,AFR
NA19397,LWK,Luhya in Webuye: Kenya,AFR
NA19399,LWK,Luhya in Webuye: Kenya,AFR
NA19401,LWK,Luhya in Webuye: Kenya,AFR
NA19403,LWK,Luhya in Webuye: Kenya,AFR
NA19404,LWK,Luhya in Webuye: Kenya,AFR
NA19428,LWK,Luhya in Webuye: Kenya,AFR
NA19429,LWK,Luhya in Webuye: Kenya,AFR
NA19430,LWK,Luhya in Webuye: Kenya,AFR
NA19431,LWK,Luhya in Webuye: Kenya,AFR
NA19434,LWK,Luhya in Webuye: Kenya,AFR
NA19435,LWK,Luhya in Webuye: Kenya,AFR
NA19436,LWK,Luhya in Webuye: Kenya,AFR
NA19437,LWK,Luhya in Webuye: Kenya,AFR
NA19438,LWK,Luhya in Webuye: Kenya,AFR
NA19439,LWK,Luhya in Webuye: Kenya,AFR
NA19440,LWK,Luhya in Webuye: Kenya,AFR
NA19443,LWK,Luhya in Webuye: Kenya,AFR
NA19445,LWK,Luhya in Webuye: Kenya,AFR
NA19446,LWK,Luhya in Webuye: Kenya,AFR
NA19448,LWK,Luhya in Webuye: Kenya,AFR
NA19449,LWK,Luhya in Webuye: Kenya,AFR
NA19451,LWK,Luhya in Webuye: Kenya,AFR
NA19452,LWK,Luhya in Webuye: Kenya,AFR
NA19454,LWK,Luhya in Webuye: Kenya,AFR
NA19455,LWK,Luhya in Webuye: Kenya,AFR
NA19456,LWK,Luhya in Webuye: Kenya,AFR
NA19457,LWK,Luhya in Webuye: Kenya,AFR
NA19461,LWK,Luhya in Webuye: Kenya,AFR
NA19462,LWK,Luhya in Webuye: Kenya,AFR
NA19463,LWK,Luhya in Webuye: Kenya,AFR
NA19466,LWK,Luhya in Webuye: Kenya,AFR
NA19467,LWK,Luhya in Webuye: Kenya,AFR
NA19468,LWK,Luhya in Webuye: Kenya,AFR
NA19471,LWK,Luhya in Webuye: Kenya,AFR
NA19472,LWK,Luhya in Webuye: Kenya,AFR
NA19473,LWK,Luhya in Webuye: Kenya,AFR
NA19474,LWK,Luhya in Webuye: Kenya,AFR
NA19475,LWK,Luhya in Webuye: Kenya,AFR
HG00551,PUR,Puerto Ricans from Puerto Rico,AMR
HG00553,PUR,Puerto Ricans from Puerto Rico,AMR
HG00554,PUR,Puerto Ricans from Puerto Rico,AMR
HG00637,PUR,Puerto Ricans from Puerto Rico,AMR
HG00638,PUR,Puerto Ricans from Puerto Rico,AMR
HG00640,PUR,Puerto Ricans from Puerto Rico,AMR
HG00641,PUR,Puerto Ricans from Puerto Rico,AMR
HG00731,PUR,Puerto Ricans from Puerto Rico,AMR
HG00732,PUR,Puerto Ricans from Puerto Rico,AMR
HG00734,PUR,Puerto Ricans from Puerto Rico,AMR
HG00736,PUR,Puerto Ricans from Puerto Rico,AMR
HG00737,PUR,Puerto Ricans from Puerto Rico,AMR
HG00739,PUR,Puerto Ricans from Puerto Rico,AMR
HG00740,PUR,Puerto Ricans from Puerto Rico,AMR
HG00742,PUR,Puerto Ricans from Puerto Rico,AMR
HG00743,PUR,Puerto Ricans from Puerto Rico,AMR
HG01047,PUR,Puerto Ricans from Puerto Rico,AMR
HG01048,PUR,Puerto Ricans from Puerto Rico,AMR
HG01049,PUR,Puerto Ricans from Puerto Rico,AMR
HG01051,PUR,Puerto Ricans from Puerto Rico,AMR
HG01052,PUR,Puerto Ricans from Puerto Rico,AMR
HG01054,PUR,Puerto Ricans from Puerto Rico,AMR
HG01055,PUR,Puerto Ricans from Puerto Rico,AMR
HG01058,PUR,Puerto Ricans from Puerto Rico,AMR
HG01060,PUR,Puerto Ricans from Puerto Rico,AMR
HG01061,PUR,Puerto Ricans from Puerto Rico,AMR
HG01063,PUR,Puerto Ricans from Puerto Rico,AMR
HG01064,PUR,Puerto Ricans from Puerto Rico,AMR
HG01066,PUR,Puerto Ricans from Puerto Rico,AMR
HG01067,PUR,Puerto Ricans from Puerto Rico,AMR
HG01069,PUR,Puerto Ricans from Puerto Rico,AMR
HG01070,PUR,Puerto Ricans from Puerto Rico,AMR
HG01072,PUR,Puerto Ricans from Puerto Rico,AMR
HG01073,PUR,Puerto Ricans from Puerto Rico,AMR
HG01075,PUR,Puerto Ricans from Puerto Rico,AMR
HG01077,PUR,Puerto Ricans from Puerto Rico,AMR
HG01079,PUR,Puerto Ricans from Puerto Rico,AMR
HG01080,PUR,Puerto Ricans from Puerto Rico,AMR
HG01082,PUR,Puerto Ricans from Puerto Rico,AMR
HG01083,PUR,Puerto Ricans from Puerto Rico,AMR
HG01085,PUR,Puerto Ricans from Puerto Rico,AMR
HG01086,PUR,Puerto Ricans from Puerto Rico,AMR
HG01088,PUR,Puerto Ricans from Puerto Rico,AMR
HG01089,PUR,Puerto Ricans from Puerto Rico,AMR
HG01092,PUR,Puerto Ricans from Puerto Rico,AMR
HG01094,PUR,Puerto Ricans from Puerto Rico,AMR
HG01095,PUR,Puerto Ricans from Puerto Rico,AMR
HG01097,PUR,Puerto Ricans from Puerto Rico,AMR
HG01098,PUR,Puerto Ricans from Puerto Rico,AMR
HG01101,PUR,Puerto Ricans from Puerto Rico,AMR
HG01102,PUR,Puerto Ricans from Puerto Rico,AMR
HG01104,PUR,Puerto Ricans from Puerto Rico,AMR
HG01105,PUR,Puerto Ricans from Puerto Rico,AMR
HG01107,PUR,Puerto Ricans from Puerto Rico,AMR
HG01108,PUR,Puerto Ricans from Puerto Rico,AMR
HG01110,PUR,Puerto Ricans from Puerto Rico,AMR
HG01111,PUR,Puerto Ricans from Puerto Rico,AMR
HG01112,CLM,Colombians from Medellin: Colombia,AMR
HG01113,CLM,Colombians from Medellin: Colombia,AMR
HG01119,CLM,Colombians from Medellin: Colombia,AMR
HG01121,CLM,Colombians from Medellin: Colombia,AMR
HG01122,CLM,Colombians from Medellin: Colombia,AMR
HG01124,CLM,Colombians from Medellin: Colombia,AMR
HG01125,CLM,Colombians from Medellin: Colombia,AMR
HG01130,CLM,Colombians from Medellin: Colombia,AMR
HG01131,CLM,Colombians from Medellin: Colombia,AMR
HG01133,CLM,Colombians from Medellin: Colombia,AMR
HG01134,CLM,Colombians from Medellin: Colombia,AMR
HG01136,CLM,Colombians from Medellin: Colombia,AMR
HG01137,CLM,Colombians from Medellin: Colombia,AMR
HG01139,CLM,Colombians from Medellin: Colombia,AMR
HG01140,CLM,Colombians from Medellin: Colombia,AMR
HG01142,CLM,Colombians from Medellin: Colombia,AMR
HG01148,CLM,Colombians from Medellin: Colombia,AMR
HG01149,CLM,Colombians from Medellin: Colombia,AMR
HG01161,PUR,Puerto Ricans from Puerto Rico,AMR
HG01162,PUR,Puerto Ricans from Puerto Rico,AMR
HG01164,PUR,Puerto Ricans from Puerto Rico,AMR
HG01167,PUR,Puerto Ricans from Puerto Rico,AMR
HG01168,PUR,Puerto Ricans from Puerto Rico,AMR
HG01170,PUR,Puerto Ricans from Puerto Rico,AMR
HG01171,PUR,Puerto Ricans from Puerto Rico,AMR
HG01173,PUR,Puerto Ricans from Puerto Rico,AMR
HG01174,PUR,Puerto Ricans from Puerto Rico,AMR
HG01176,PUR,Puerto Ricans from Puerto Rico,AMR
HG01177,PUR,Puerto Ricans from Puerto Rico,AMR
HG01182,PUR,Puerto Ricans from Puerto Rico,AMR
HG01183,PUR,Puerto Ricans from Puerto Rico,AMR
HG01187,PUR,Puerto Ricans from Puerto Rico,AMR
HG01188,PUR,Puerto Ricans from Puerto Rico,AMR
HG01190,PUR,Puerto Ricans from Puerto Rico,AMR
HG01191,PUR,Puerto Ricans from Puerto Rico,AMR
HG01197,PUR,Puerto Ricans from Puerto Rico,AMR
HG01198,PUR,Puerto Ricans from Puerto Rico,AMR
HG01200,PUR,Puerto Ricans from Puerto Rico,AMR
HG01204,PUR,Puerto Ricans from Puerto Rico,AMR
HG01205,PUR,Puerto Ricans from Puerto Rico,AMR
HG01241,PUR,Puerto Ricans from Puerto Rico,AMR
HG01242,PUR,Puerto Ricans from Puerto Rico,AMR
HG01247,PUR,Puerto Ricans from Puerto Rico,AMR
HG01248,PUR,Puerto Ricans from Puerto Rico,AMR
HG01250,CLM,Colombians from Medellin: Colombia,AMR
HG01251,CLM,Colombians from Medellin: Colombia,AMR
HG01253,CLM,Colombians from Medellin: Colombia,AMR
HG01254,CLM,Colombians from Medellin: Colombia,AMR
HG01256,CLM,Colombians from Medellin: Colombia,AMR
HG01257,CLM,Colombians from Medellin: Colombia,AMR
HG01259,CLM,Colombians from Medellin: Colombia,AMR
HG01260,CLM,Colombians from Medellin: Colombia,AMR
HG01269,CLM,Colombians from Medellin: Colombia,AMR
HG01271,CLM,Colombians from Medellin: Colombia,AMR
HG01272,CLM,Colombians from Medellin: Colombia,AMR
HG01275,CLM,Colombians from Medellin: Colombia,AMR
HG01277,CLM,Colombians from Medellin: Colombia,AMR
HG01280,CLM,Colombians from Medellin: Colombia,AMR
HG01281,CLM,Colombians from Medellin: Colombia,AMR
HG01284,CLM,Colombians from Medellin: Colombia,AMR
HG01286,PUR,Puerto Ricans from Puerto Rico,AMR
HG01302,PUR,Puerto Ricans from Puerto Rico,AMR
HG01303,PUR,Puerto Ricans from Puerto Rico,AMR
HG01305,PUR,Puerto Ricans from Puerto Rico,AMR
HG01308,PUR,Puerto Ricans from Puerto Rico,AMR
HG01311,PUR,Puerto Ricans from Puerto Rico,AMR
HG01312,PUR,Puerto Ricans from Puerto Rico,AMR
HG01323,PUR,Puerto Ricans from Puerto Rico,AMR
HG01325,PUR,Puerto Ricans from Puerto Rico,AMR
HG01326,PUR,Puerto Ricans from Puerto Rico,AMR
HG01341,CLM,Colombians from Medellin: Colombia,AMR
HG01342,CLM,Colombians from Medellin: Colombia,AMR
HG01344,CLM,Colombians from Medellin: Colombia,AMR
HG01345,CLM,Colombians from Medellin: Colombia,AMR
HG01348,CLM,Colombians from Medellin: Colombia,AMR
HG01350,CLM,Colombians from Medellin: Colombia,AMR
HG01351,CLM,Colombians from Medellin: Colombia,AMR
HG01353,CLM,Colombians from Medellin: Colombia,AMR
HG01354,CLM,Colombians from Medellin: Colombia,AMR
HG01356,CLM,Colombians from Medellin: Colombia,AMR
HG01357,CLM,Colombians from Medellin: Colombia,AMR
HG01359,CLM,Colombians from Medellin: Colombia,AMR
HG01360,CLM,Colombians from Medellin: Colombia,AMR
HG01362,CLM,Colombians from Medellin: Colombia,AMR
HG01363,CLM,Colombians from Medellin: Colombia,AMR
HG01365,CLM,Colombians from Medellin: Colombia,AMR
HG01366,CLM,Colombians from Medellin: Colombia,AMR
HG01369,CLM,Colombians from Medellin: Colombia,AMR
HG01372,CLM,Colombians from Medellin: Colombia,AMR
HG01374,CLM,Colombians from Medellin: Colombia,AMR
HG01375,CLM,Colombians from Medellin: Colombia,AMR
HG01377,CLM,Colombians from Medellin: Colombia,AMR
HG01378,CLM,Colombians from Medellin: Colombia,AMR
HG01383,CLM,Colombians from Medellin: Colombia,AMR
HG01384,CLM,Colombians from Medellin: Colombia,AMR
HG01389,CLM,Colombians from Medellin: Colombia,AMR
HG01390,CLM,Colombians from Medellin: Colombia,AMR
HG01392,PUR,Puerto Ricans from Puerto Rico,AMR
HG01393,PUR,Puerto Ricans from Puerto Rico,AMR
HG01395,PUR,Puerto Ricans from Puerto Rico,AMR
HG01396,PUR,Puerto Ricans from Puerto Rico,AMR
HG01398,PUR,Puerto Ricans from Puerto Rico,AMR
HG01402,PUR,Puerto Ricans from Puerto Rico,AMR
HG01403,PUR,Puerto Ricans from Puerto Rico,AMR
HG01405,PUR,Puerto Ricans from Puerto Rico,AMR
HG01412,PUR,Puerto Ricans from Puerto Rico,AMR
HG01413,PUR,Puerto Ricans from Puerto Rico,AMR
HG01414,PUR,Puerto Ricans from Puerto Rico,AMR
HG01431,CLM,Colombians from Medellin: Colombia,AMR
HG01432,CLM,Colombians from Medellin: Colombia,AMR
HG01435,CLM,Colombians from Medellin: Colombia,AMR
HG01437,CLM,Colombians from Medellin: Colombia,AMR
HG01438,CLM,Colombians from Medellin: Colombia,AMR
HG01440,CLM,Colombians from Medellin: Colombia,AMR
HG01441,CLM,Colombians from Medellin: Colombia,AMR
HG01443,CLM,Colombians from Medellin: Colombia,AMR
HG01444,CLM,Colombians from Medellin: Colombia,AMR
HG01447,CLM,Colombians from Medellin: Colombia,AMR
HG01455,CLM,Colombians from Medellin: Colombia,AMR
HG01456,CLM,Colombians from Medellin: Colombia,AMR
HG01459,CLM,Colombians from Medellin: Colombia,AMR
HG01461,CLM,Colombians from Medellin: Colombia,AMR
HG01462,CLM,Colombians from Medellin: Colombia,AMR
HG01464,CLM,Colombians from Medellin: Colombia,AMR
HG01465,CLM,Colombians from Medellin: Colombia,AMR
HG01468,CLM,Colombians from Medellin: Colombia,AMR
HG01474,CLM,Colombians from Medellin: Colombia,AMR
HG01479,CLM,Colombians from Medellin: Colombia,AMR
HG01485,CLM,Colombians from Medellin: Colombia,AMR
HG01486,CLM,Colombians from Medellin: Colombia,AMR
HG01488,CLM,Colombians from Medellin: Colombia,AMR
HG01489,CLM,Colombians from Medellin: Colombia,AMR
HG01491,CLM,Colombians from Medellin: Colombia,AMR
HG01492,CLM,Colombians from Medellin: Colombia,AMR
HG01494,CLM,Colombians from Medellin: Colombia,AMR
HG01495,CLM,Colombians from Medellin: Colombia,AMR
HG01497,CLM,Colombians from Medellin: Colombia,AMR
HG01498,CLM,Colombians from Medellin: Colombia,AMR
HG01550,CLM,Colombians from Medellin: Colombia,AMR
HG01551,CLM,Colombians from Medellin: Colombia,AMR
HG01556,CLM,Colombians from Medellin: Colombia,AMR
HG01565,PEL,Peruvians from Lima: Peru,AMR
HG01566,PEL,Peruvians from Lima: Peru,AMR
HG01571,PEL,Peruvians from Lima: Peru,AMR
HG01572,PEL,Peruvians from Lima: Peru,AMR
HG01577,PEL,Peruvians from Lima: Peru,AMR
HG01578,PEL,Peruvians from Lima: Peru,AMR
HG01892,PEL,Peruvians from Lima: Peru,AMR
HG01893,PEL,Peruvians from Lima: Peru,AMR
HG01917,PEL,Peruvians from Lima: Peru,AMR
HG01918,PEL,Peruvians from Lima: Peru,AMR
HG01920,PEL,Peruvians from Lima: Peru,AMR
HG01921,PEL,Peruvians from Lima: Peru,AMR
HG01923,PEL,Peruvians from Lima: Peru,AMR
HG01924,PEL,Peruvians from Lima: Peru,AMR
HG01926,PEL,Peruvians from Lima: Peru,AMR
HG01927,PEL,Peruvians from Lima: Peru,AMR
HG01932,PEL,Peruvians from Lima: Peru,AMR
HG01933,PEL,Peruvians from Lima: Peru,AMR
HG01935,PEL,Peruvians from Lima: Peru,AMR
HG01936,PEL,Peruvians from Lima: Peru,AMR
HG01938,PEL,Peruvians from Lima: Peru,AMR
HG01939,PEL,Peruvians from Lima: Peru,AMR
HG01941,PEL,Peruvians from Lima: Peru,AMR
HG01942,PEL,Peruvians from Lima: Peru,AMR
HG01944,PEL,Peruvians from Lima: Peru,AMR
HG01945,PEL,Peruvians from Lima: Peru,AMR
HG01947,PEL,Peruvians from Lima: Peru,AMR
HG01948,PEL,Peruvians from Lima: Peru,AMR
HG01950,PEL,Peruvians from Lima: Peru,AMR
HG01951,PEL,Peruvians from Lima: Peru,AMR
HG01953,PEL,Peruvians from Lima: Peru,AMR
HG01954,PEL,Peruvians from Lima: Peru,AMR
HG01961,PEL,Peruvians from Lima: Peru,AMR
HG01965,PEL,Peruvians from Lima: Peru,AMR
HG01967,PEL,Peruvians from Lima: Peru,AMR
HG01968,PEL,Peruvians from Lima: Peru,AMR
HG01970,PEL,Peruvians from Lima: Peru,AMR
HG01971,PEL,Peruvians from Lima: Peru,AMR
HG01973,PEL,Peruvians from Lima: Peru,AMR
HG01974,PEL,Peruvians from Lima: Peru,AMR
HG01976,PEL,Peruvians from Lima: Peru,AMR
HG01977,PEL,Peruvians from Lima: Peru,AMR
HG01979,PEL,Peruvians from Lima: Peru,AMR
HG01980,PEL,Peruvians from Lima: Peru,AMR
HG01982,PEL,Peruvians from Lima: Peru,AMR
HG01991,PEL,Peruvians from Lima: Peru,AMR
HG01992,PEL,Peruvians from Lima: Peru,AMR
HG01997,PEL,Peruvians from Lima: Peru,AMR
HG02002,PEL,Peruvians from Lima: Peru,AMR
HG02003,PEL,Peruvians from Lima: Peru,AMR
HG02006,PEL,Peruvians from Lima: Peru,AMR
HG02008,PEL,Peruvians from Lima: Peru,AMR
HG02089,PEL,Peruvians from Lima: Peru,AMR
HG02090,PEL,Peruvians from Lima: Peru,AMR
HG02102,PEL,Peruvians from Lima: Peru,AMR
HG02104,PEL,Peruvians from Lima: Peru,AMR
HG02105,PEL,Peruvians from Lima: Peru,AMR
HG02146,PEL,Peruvians from Lima: Peru,AMR
HG02147,PEL,Peruvians from Lima: Peru,AMR
HG02150,PEL,Peruvians from Lima: Peru,AMR
HG02252,PEL,Peruvians from Lima: Peru,AMR
HG02253,PEL,Peruvians from Lima: Peru,AMR
HG02259,PEL,Peruvians from Lima: Peru,AMR
HG02260,PEL,Peruvians from Lima: Peru,AMR
HG02262,PEL,Peruvians from Lima: Peru,AMR
HG02265,PEL,Peruvians from Lima: Peru,AMR
HG02266,PEL,Peruvians from Lima: Peru,AMR
HG02271,PEL,Peruvians from Lima: Peru,AMR
HG02272,PEL,Peruvians from Lima: Peru,AMR
HG02274,PEL,Peruvians from Lima: Peru,AMR
HG02275,PEL,Peruvians from Lima: Peru,AMR
HG02277,PEL,Peruvians from Lima: Peru,AMR
HG02278,PEL,Peruvians from Lima: Peru,AMR
HG02285,PEL,Peruvians from Lima: Peru,AMR
HG02286,PEL,Peruvians from Lima: Peru,AMR
HG02291,PEL,Peruvians from Lima: Peru,AMR
HG02292,PEL,Peruvians from Lima: Peru,AMR
HG02298,PEL,Peruvians from Lima: Peru,AMR
HG02299,PEL,Peruvians from Lima: Peru,AMR
HG02301,PEL,Peruvians from Lima: Peru,AMR
HG02304,PEL,Peruvians from Lima: Peru,AMR
HG02312,PEL,Peruvians from Lima: Peru,AMR
HG02345,PEL,Peruvians from Lima: Peru,AMR
HG02348,PEL,Peruvians from Lima: Peru,AMR
HG02425,PEL,Peruvians from Lima: Peru,AMR
HG00403,CHS,Southern Han Chinese,EAS
HG00404,CHS,Southern Han Chinese,EAS
HG00406,CHS,Southern Han Chinese,EAS
HG00407,CHS,Southern Han Chinese,EAS
HG00409,CHS,Southern Han Chinese,EAS
HG00410,CHS,Southern Han Chinese,EAS
HG00419,CHS,Southern Han Chinese,EAS
HG00421,CHS,Southern Han Chinese,EAS
HG00422,CHS,Southern Han Chinese,EAS
HG00428,CHS,Southern Han Chinese,EAS
HG00436,CHS,Southern Han Chinese,EAS
HG00437,CHS,Southern Han Chinese,EAS
HG00442,CHS,Southern Han Chinese,EAS
HG00443,CHS,Southern Han Chinese,EAS
HG00445,CHS,Southern Han Chinese,EAS
HG00446,CHS,Southern Han Chinese,EAS
HG00448,CHS,Southern Han Chinese,EAS
HG00449,CHS,Southern Han Chinese,EAS
HG00451,CHS,Southern Han Chinese,EAS
HG00452,CHS,Southern Han Chinese,EAS
HG00457,CHS,Southern Han Chinese,EAS
HG00458,CHS,Southern Han Chinese,EAS
HG00463,CHS,Southern Han Chinese,EAS
HG00464,CHS,Southern Han Chinese,EAS
HG00472,CHS,Southern Han Chinese,EAS
HG00473,CHS,Southern Han Chinese,EAS
HG00475,CHS,Southern Han Chinese,EAS
HG00476,CHS,Southern Han Chinese,EAS
HG00478,CHS,Southern Han Chinese,EAS
HG00479,CHS,Southern Han Chinese,EAS
HG00500,CHS,Southern Han Chinese,EAS
HG00513,CHS,Southern Han Chinese,EAS
HG00524,CHS,Southern Han Chinese,EAS
HG00525,CHS,Southern Han Chinese,EAS
HG00530,CHS,Southern Han Chinese,EAS
HG00531,CHS,Southern Han Chinese,EAS
HG00533,CHS,Southern Han Chinese,EAS
HG00534,CHS,Southern Han Chinese,EAS
HG00536,CHS,Southern Han Chinese,EAS
HG00537,CHS,Southern Han Chinese,EAS
HG00542,CHS,Southern Han Chinese,EAS
HG00543,CHS,Southern Han Chinese,EAS
HG00556,CHS,Southern Han Chinese,EAS
HG00557,CHS,Southern Han Chinese,EAS
HG00559,CHS,Southern Han Chinese,EAS
HG00560,CHS,Southern Han Chinese,EAS
HG00565,CHS,Southern Han Chinese,EAS
HG00566,CHS,Southern Han Chinese,EAS
HG00580,CHS,Southern Han Chinese,EAS
HG00581,CHS,Southern Han Chinese,EAS
HG00583,CHS,Southern Han Chinese,EAS
HG00584,CHS,Southern Han Chinese,EAS
HG00589,CHS,Southern Han Chinese,EAS
HG00590,CHS,Southern Han Chinese,EAS
HG00592,CHS,Southern Han Chinese,EAS
HG00593,CHS,Southern Han Chinese,EAS
HG00595,CHS,Southern Han Chinese,EAS
HG00596,CHS,Southern Han Chinese,EAS
HG00598,CHS,Southern Han Chinese,EAS
HG00599,CHS,Southern Han Chinese,EAS
HG00607,CHS,Southern Han Chinese,EAS
HG00608,CHS,Southern Han Chinese,EAS
HG00610,CHS,Southern Han Chinese,EAS
HG00611,CHS,Southern Han Chinese,EAS
HG00613,CHS,Southern Han Chinese,EAS
HG00614,CHS,Southern Han Chinese,EAS
HG00619,CHS,Southern Han Chinese,EAS
HG00620,CHS,Southern Han Chinese,EAS
HG00622,CHS,Southern Han Chinese,EAS
HG00623,CHS,Southern Han Chinese,EAS
HG00625,CHS,Southern Han Chinese,EAS
HG00626,CHS,Southern Han Chinese,EAS
HG00628,CHS,Southern Han Chinese,EAS
HG00629,CHS,Southern Han Chinese,EAS
HG00631,CHS,Southern Han Chinese,EAS
HG00632,CHS,Southern Han Chinese,EAS
HG00634,CHS,Southern Han Chinese,EAS
HG00650,CHS,Southern Han Chinese,EAS
HG00651,CHS,Southern Han Chinese,EAS
HG00653,CHS,Southern Han Chinese,EAS
HG00654,CHS,Southern Han Chinese,EAS
HG00656,CHS,Southern Han Chinese,EAS
HG00657,CHS,Southern Han Chinese,EAS
HG00662,CHS,Southern Han Chinese,EAS
HG00663,CHS,Southern Han Chinese,EAS
HG00671,CHS,Southern Han Chinese,EAS
HG00672,CHS,Southern Han Chinese,EAS
HG00674,CHS,Southern Han Chinese,EAS
HG00675,CHS,Southern Han Chinese,EAS
HG00683,CHS,Southern Han Chinese,EAS
HG00684,CHS,Southern Han Chinese,EAS
HG00689,CHS,Southern Han Chinese,EAS
HG00690,CHS,Southern Han Chinese,EAS
HG00692,CHS,Southern Han Chinese,EAS
HG00693,CHS,Southern Han Chinese,EAS
HG00698,CHS,Southern Han Chinese,EAS
HG00699,CHS,Southern Han Chinese,EAS
HG00701,CHS,Southern Han Chinese,EAS
HG00704,CHS,Southern Han Chinese,EAS
HG00705,CHS,Southern Han Chinese,EAS
HG00707,CHS,Southern Han Chinese,EAS
HG00708,CHS,Southern Han Chinese,EAS
HG00717,CHS,Southern Han Chinese,EAS
HG00728,CHS,Southern Han Chinese,EAS
HG00729,CHS,Southern Han Chinese,EAS
HG00759,CDX,Chinese Dai in Xishuangbanna: China,EAS
HG00766,CDX,Chinese Dai in Xishuangbanna: China,EAS
HG00844,CDX,Chinese Dai in Xishuangbanna: China,EAS
HG00851,CDX,Chinese Dai in Xishuangbanna: China,EAS
HG00864,CDX,Chinese Dai in Xishuangbanna: China,EAS
HG00867,CDX,Chinese Dai in Xishuangbanna: China,EAS
HG00879,CDX,Chinese Dai in Xishuangbanna: China,EAS
HG00881,CDX,Chinese Dai in Xishuangbanna: China,EAS
HG00956,CDX,Chinese Dai in Xishuangbanna: China,EAS
HG00978,CDX,Chinese Dai in Xishuangbanna: China,EAS
HG00982,CDX,Chinese Dai in Xishuangbanna: China,EAS
HG01028,CDX,Chinese Dai in Xishuangbanna: China,EAS
HG01029,CDX,Chinese Dai in Xishuangbanna: China,EAS
HG01031,CDX,Chinese Dai in Xishuangbanna: China,EAS
HG01046,CDX,Chinese Dai in Xishuangbanna: China,EAS
HG01595,KHV,Kinh in Ho Chi Minh City: Vietnam,EAS
HG01596,KHV,Kinh in Ho Chi Minh City: Vietnam,EAS
HG01597,KHV,Kinh in Ho Chi Minh City: Vietnam,EAS
HG01598,KHV,Kinh in Ho Chi Minh City: Vietnam,EAS
HG01599,KHV,Kinh in Ho Chi Minh City: Vietnam,EAS
HG01600,KHV,Kinh in Ho Chi Minh City: Vietnam,EAS
HG01794,CDX,Chinese Dai in Xishuangbanna: China,EAS
HG01795,CDX,Chinese Dai in Xishuangbanna: China,EAS
HG01796,CDX,Chinese Dai in Xishuangbanna: China,EAS
HG01797,CDX,Chinese Dai in Xishuangbanna: China,EAS
HG01798,CDX,Chinese Dai in Xishuangbanna: China,EAS
HG01799,CDX,Chinese Dai in Xishuangbanna: China,EAS
HG01800,CDX,Chinese Dai in Xishuangbanna: China,EAS
HG01801,CDX,Chinese Dai in Xishuangbanna: China,EAS
HG01802,CDX,Chinese Dai in Xishuangbanna: China,EAS
HG01804,CDX,Chinese Dai in Xishuangbanna: China,EAS
HG01805,CDX,Chinese Dai in Xishuangbanna: China,EAS
HG01806,CDX,Chinese Dai in Xishuangbanna: China,EAS
HG01807,CDX,Chinese Dai in Xishuangbanna: China,EAS
HG01808,CDX,Chinese Dai in Xishuangbanna: China,EAS
HG01809,CDX,Chinese Dai in Xishuangbanna: China,EAS
HG01810,CDX,Chinese Dai in Xishuangbanna: China,EAS
HG01811,CDX,Chinese Dai in Xishuangbanna: China,EAS
HG01812,CDX,Chinese Dai in Xishuangbanna: China,EAS
HG01813,CDX,Chinese Dai in Xishuangbanna: China,EAS
HG01815,CDX,Chinese Dai in Xishuangbanna: China,EAS
HG01816,CDX,Chinese Dai in Xishuangbanna: China,EAS
HG01817,CDX,Chinese Dai in Xishuangbanna: China,EAS
HG01840,KHV,Kinh in Ho Chi Minh City: Vietnam,EAS
HG01841,KHV,Kinh in Ho Chi Minh City: Vietnam,EAS
HG01842,KHV,Kinh in Ho Chi Minh City: Vietnam,EAS
HG01843,KHV,Kinh in Ho Chi Minh City: Vietnam,EAS
HG01844,KHV,Kinh in Ho Chi Minh City: Vietnam,EAS
HG01845,KHV,Kinh in Ho Chi Minh City: Vietnam,EAS
HG01846,KHV,Kinh in Ho Chi Minh City: Vietnam,EAS
HG01847,KHV,Kinh in Ho Chi Minh City: Vietnam,EAS
HG01848,KHV,Kinh in Ho Chi Minh City: Vietnam,EAS
HG01849,KHV,Kinh in Ho Chi Minh City: Vietnam,EAS
HG01850,KHV,Kinh in Ho Chi Minh City: Vietnam,EAS
HG01851,KHV,Kinh in Ho Chi Minh City: Vietnam,EAS
HG01852,KHV,Kinh in Ho Chi Minh City: Vietnam,EAS
HG01853,KHV,Kinh in Ho Chi Minh City: Vietnam,EAS
HG01855,KHV,Kinh in Ho Chi Minh City: Vietnam,EAS
HG01857,KHV,Kinh in Ho Chi Minh City: Vietnam,EAS
HG01858,KHV,Kinh in Ho Chi Minh City: Vietnam,EAS
HG01859,KHV,Kinh in Ho Chi Minh City: Vietnam,EAS
HG01860,KHV,Kinh in Ho Chi Minh City: Vietnam,EAS
HG01861,KHV,Kinh in Ho Chi Minh City: Vietnam,EAS
HG01862,KHV,Kinh in Ho Chi Minh City: Vietnam,EAS
HG01863,KHV,Kinh in Ho Chi Minh City: Vietnam,EAS
HG01864,KHV,Kinh in Ho Chi Minh City: Vietnam,EAS
HG01865,KHV,Kinh in Ho Chi Minh City: Vietnam,EAS
HG01866,KHV,Kinh in Ho Chi Minh City: Vietnam,EAS
HG01867,KHV,Kinh in Ho Chi Minh City: Vietnam,EAS
HG01868,KHV,Kinh in Ho Chi Minh City: Vietnam,EAS
HG01869,KHV,Kinh in Ho Chi Minh City: Vietnam,EAS
HG01870,KHV,Kinh in Ho Chi Minh City: Vietnam,EAS
HG01871,KHV,Kinh in Ho Chi Minh City: Vietnam,EAS
HG01872,KHV,Kinh in Ho Chi Minh City: Vietnam,EAS
HG01873,KHV,Kinh in Ho Chi Minh City: Vietnam,EAS
HG01874,KHV,Kinh in Ho Chi Minh City: Vietnam,EAS
HG01878,KHV,Kinh in Ho Chi Minh City: Vietnam,EAS
HG02016,KHV,Kinh in Ho Chi Minh City: Vietnam,EAS
HG02017,KHV,Kinh in Ho Chi Minh City: Vietnam,EAS
HG02019,KHV,Kinh in Ho Chi Minh City: Vietnam,EAS
HG02020,KHV,Kinh in Ho Chi Minh City: Vietnam,EAS
HG02023,KHV,Kinh in Ho Chi Minh City: Vietnam,EAS
HG02025,KHV,Kinh in Ho Chi Minh City: Vietnam,EAS
HG02026,KHV,Kinh in Ho Chi Minh City: Vietnam,EAS
HG02028,KHV,Kinh in Ho Chi Minh City: Vietnam,EAS
HG02029,KHV,Kinh in Ho Chi Minh City: Vietnam,EAS
HG02031,KHV,Kinh in Ho Chi Minh City: Vietnam,EAS
HG02032,KHV,Kinh in Ho Chi Minh City: Vietnam,EAS
HG02035,KHV,Kinh in Ho Chi Minh City: Vietnam,EAS
HG02040,KHV,Kinh in Ho Chi Minh City: Vietnam,EAS
HG02047,KHV,Kinh in Ho Chi Minh City: Vietnam,EAS
HG02048,KHV,Kinh in Ho Chi Minh City: Vietnam,EAS
HG02049,KHV,Kinh in Ho Chi Minh City: Vietnam,EAS
HG02050,KHV,Kinh in Ho Chi Minh City: Vietnam,EAS
HG02057,KHV,Kinh in Ho Chi Minh City: Vietnam,EAS
HG02058,KHV,Kinh in Ho Chi Minh City: Vietnam,EAS
HG02060,KHV,Kinh in Ho Chi Minh City: Vietnam,EAS
HG02061,KHV,Kinh in Ho Chi Minh City: Vietnam,EAS
HG02064,KHV,Kinh in Ho Chi Minh City: Vietnam,EAS
HG02067,KHV,Kinh in Ho Chi Minh City: Vietnam,EAS
HG02069,KHV,Kinh in Ho Chi Minh City: Vietnam,EAS
HG02070,KHV,Kinh in Ho Chi Minh City: Vietnam,EAS
HG02072,KHV,Kinh in Ho Chi Minh City: Vietnam,EAS
HG02073,KHV,Kinh in Ho Chi Minh City: Vietnam,EAS
HG02075,KHV,Kinh in Ho Chi Minh City: Vietnam,EAS
HG02076,KHV,Kinh in Ho Chi Minh City: Vietnam,EAS
HG02078,KHV,Kinh in Ho Chi Minh City: Vietnam,EAS
HG02079,KHV,Kinh in Ho Chi Minh City: Vietnam,EAS
HG02081,KHV,Kinh in Ho Chi Minh City: Vietnam,EAS
HG02082,KHV,Kinh in Ho Chi Minh City: Vietnam,EAS
HG02084,KHV,Kinh in Ho Chi Minh City: Vietnam,EAS
HG02085,KHV,Kinh in Ho Chi Minh City: Vietnam,EAS
HG02086,KHV,Kinh in Ho Chi Minh City: Vietnam,EAS
HG02087,KHV,Kinh in Ho Chi Minh City: Vietnam,EAS
HG02088,KHV,Kinh in Ho Chi Minh City: Vietnam,EAS
HG02113,KHV,Kinh in Ho Chi Minh City: Vietnam,EAS
HG02116,KHV,Kinh in Ho Chi Minh City: Vietnam,EAS
HG02121,KHV,Kinh in Ho Chi Minh City: Vietnam,EAS
HG02122,KHV,Kinh in Ho Chi Minh City: Vietnam,EAS
HG02127,KHV,Kinh in Ho Chi Minh City: Vietnam,EAS
HG02128,KHV,Kinh in Ho Chi Minh City: Vietnam,EAS
HG02130,KHV,Kinh in Ho Chi Minh City: Vietnam,EAS
HG02131,KHV,Kinh in Ho Chi Minh City: Vietnam,EAS
HG02133,KHV,Kinh in Ho Chi Minh City: Vietnam,EAS
HG02134,KHV,Kinh in Ho Chi Minh City: Vietnam,EAS
HG02136,KHV,Kinh in Ho Chi Minh City: Vietnam,EAS
HG02137,KHV,Kinh in Ho Chi Minh City: Vietnam,EAS
HG02138,KHV,Kinh in Ho Chi Minh City: Vietnam,EAS
HG02139,KHV,Kinh in Ho Chi Minh City: Vietnam,EAS
HG02140,KHV,Kinh in Ho Chi Minh City: Vietnam,EAS
HG02141,KHV,Kinh in Ho Chi Minh City: Vietnam,EAS
HG02142,KHV,Kinh in Ho Chi Minh City: Vietnam,EAS
HG02151,CDX,Chinese Dai in Xishuangbanna: China,EAS
HG02152,CDX,Chinese Dai in Xishuangbanna: China,EAS
HG02153,CDX,Chinese Dai in Xishuangbanna: China,EAS
HG02154,CDX,Chinese Dai in Xishuangbanna: China,EAS
HG02155,CDX,Chinese Dai in Xishuangbanna: China,EAS
HG02156,CDX,Chinese Dai in Xishuangbanna: China,EAS
HG02164,CDX,Chinese Dai in Xishuangbanna: China,EAS
HG02165,CDX,Chinese Dai in Xishuangbanna: China,EAS
HG02166,CDX,Chinese Dai in Xishuangbanna: China,EAS
HG02178,CDX,Chinese Dai in Xishuangbanna: China,EAS
HG02179,CDX,Chinese Dai in Xishuangbanna: China,EAS
HG02180,CDX,Chinese Dai in Xishuangbanna: China,EAS
HG02181,CDX,Chinese Dai in Xishuangbanna: China,EAS
HG02182,CDX,Chinese Dai in Xishuangbanna: China,EAS
HG02184,CDX,Chinese Dai in Xishuangbanna: China,EAS
HG02185,CDX,Chinese Dai in Xishuangbanna: China,EAS
HG02186,CDX,Chinese Dai in Xishuangbanna: China,EAS
HG02187,CDX,Chinese Dai in Xishuangbanna: China,EAS
HG02188,CDX,Chinese Dai in Xishuangbanna: China,EAS
HG02190,CDX,Chinese Dai in Xishuangbanna: China,EAS
HG02250,CDX,Chinese Dai in Xishuangbanna: China,EAS
HG02351,CDX,Chinese Dai in Xishuangbanna: China,EAS
HG02353,CDX,Chinese Dai in Xishuangbanna: China,EAS
HG02355,CDX,Chinese Dai in Xishuangbanna: China,EAS
HG02356,CDX,Chinese Dai in Xishuangbanna: China,EAS
HG02360,CDX,Chinese Dai in Xishuangbanna: China,EAS
HG02364,CDX,Chinese Dai in Xishuangbanna: China,EAS
HG02367,CDX,Chinese Dai in Xishuangbanna: China,EAS
HG02371,CDX,Chinese Dai in Xishuangbanna: China,EAS
HG02373,CDX,Chinese Dai in Xishuangbanna: China,EAS
HG02374,CDX,Chinese Dai in Xishuangbanna: China,EAS
HG02375,CDX,Chinese Dai in Xishuangbanna: China,EAS
HG02379,CDX,Chinese Dai in Xishuangbanna: China,EAS
HG02380,CDX,Chinese Dai in Xishuangbanna: China,EAS
HG02382,CDX,Chinese Dai in Xishuangbanna: China,EAS
HG02383,CDX,Chinese Dai in Xishuangbanna: China,EAS
HG02384,CDX,Chinese Dai in Xishuangbanna: China,EAS
HG02385,CDX,Chinese Dai in Xishuangbanna: China,EAS
HG02386,CDX,Chinese Dai in Xishuangbanna: China,EAS
HG02389,CDX,Chinese Dai in Xishuangbanna: China,EAS
HG02390,CDX,Chinese Dai in Xishuangbanna: China,EAS
HG02391,CDX,Chinese Dai in Xishuangbanna: China,EAS
HG02392,CDX,Chinese Dai in Xishuangbanna: China,EAS
HG02394,CDX,Chinese Dai in Xishuangbanna: China,EAS
HG02395,CDX,Chinese Dai in Xishuangbanna: China,EAS
HG02396,CDX,Chinese Dai in Xishuangbanna: China,EAS
HG02397,CDX,Chinese Dai in Xishuangbanna: China,EAS
HG02398,CDX,Chinese Dai in Xishuangbanna: China,EAS
HG02399,CDX,Chinese Dai in Xishuangbanna: China,EAS
HG02401,CDX,Chinese Dai in Xishuangbanna: China,EAS
HG02402,CDX,Chinese Dai in Xishuangbanna: China,EAS
HG02406,CDX,Chinese Dai in Xishuangbanna: China,EAS
HG02407,CDX,Chinese Dai in Xishuangbanna: China,EAS
HG02408,CDX,Chinese Dai in Xishuangbanna: China,EAS
HG02409,CDX,Chinese Dai in Xishuangbanna: China,EAS
HG02410,CDX,Chinese Dai in Xishuangbanna: China,EAS
HG02512,KHV,Kinh in Ho Chi Minh City: Vietnam,EAS
HG02513,KHV,Kinh in Ho Chi Minh City: Vietnam,EAS
HG02521,KHV,Kinh in Ho Chi Minh City: Vietnam,EAS
HG02522,KHV,Kinh in Ho Chi Minh City: Vietnam,EAS
NA18525,CHB,Han Chinese in Beijing: China,EAS
NA18526,CHB,Han Chinese in Beijing: China,EAS
NA18528,CHB,Han Chinese in Beijing: China,EAS
NA18530,CHB,Han Chinese in Beijing: China,EAS
NA18531,CHB,Han Chinese in Beijing: China,EAS
NA18532,CHB,Han Chinese in Beijing: China,EAS
NA18533,CHB,Han Chinese in Beijing: China,EAS
NA18534,CHB,Han Chinese in Beijing: China,EAS
NA18535,CHB,Han Chinese in Beijing: China,EAS
NA18536,CHB,Han Chinese in Beijing: China,EAS
NA18537,CHB,Han Chinese in Beijing: China,EAS
NA18538,CHB,Han Chinese in Beijing: China,EAS
NA18539,CHB,Han Chinese in Beijing: China,EAS
NA18541,CHB,Han Chinese in Beijing: China,EAS
NA18542,CHB,Han Chinese in Beijing: China,EAS
NA18543,CHB,Han Chinese in Beijing: China,EAS
NA18544,CHB,Han Chinese in Beijing: China,EAS
NA18545,CHB,Han Chinese in Beijing: China,EAS
NA18546,CHB,Han Chinese in Beijing: China,EAS
NA18547,CHB,Han Chinese in Beijing: China,EAS
NA18548,CHB,Han Chinese in Beijing: China,EAS
NA18549,CHB,Han Chinese in Beijing: China,EAS
NA18550,CHB,Han Chinese in Beijing: China,EAS
NA18552,CHB,Han Chinese in Beijing: China,EAS
NA18553,CHB,Han Chinese in Beijing: China,EAS
NA18555,CHB,Han Chinese in Beijing: China,EAS
NA18557,CHB,Han Chinese in Beijing: China,EAS
NA18558,CHB,Han Chinese in Beijing: China,EAS
NA18559,CHB,Han Chinese in Beijing: China,EAS
NA18560,CHB,Han Chinese in Beijing: China,EAS
NA18561,CHB,Han Chinese in Beijing: China,EAS
NA18562,CHB,Han Chinese in Beijing: China,EAS
NA18563,CHB,Han Chinese in Beijing: China,EAS
NA18564,CHB,Han Chinese in Beijing: China,EAS
NA18565,CHB,Han Chinese in Beijing: China,EAS
NA18566,CHB,Han Chinese in Beijing: China,EAS
NA18567,CHB,Han Chinese in Beijing: China,EAS
NA18570,CHB,Han Chinese in Beijing: China,EAS
NA18571,CHB,Han Chinese in Beijing: China,EAS
NA18572,CHB,Han Chinese in Beijing: China,EAS
NA18573,CHB,Han Chinese in Beijing: China,EAS
NA18574,CHB,Han Chinese in Beijing: China,EAS
NA18577,CHB,Han Chinese in Beijing: China,EAS
NA18579,CHB,Han Chinese in Beijing: China,EAS
NA18582,CHB,Han Chinese in Beijing: China,EAS
NA18591,CHB,Han Chinese in Beijing: China,EAS
NA18592,CHB,Han Chinese in Beijing: China,EAS
NA18593,CHB,Han Chinese in Beijing: China,EAS
NA18595,CHB,Han Chinese in Beijing: China,EAS
NA18596,CHB,Han Chinese in Beijing: China,EAS
NA18597,CHB,Han Chinese in Beijing: China,EAS
NA18599,CHB,Han Chinese in Beijing: China,EAS
NA18602,CHB,Han Chinese in Beijing: China,EAS
NA18603,CHB,Han Chinese in Beijing: China,EAS
NA18605,CHB,Han Chinese in Beijing: China,EAS
NA18606,CHB,Han Chinese in Beijing: China,EAS
NA18608,CHB,Han Chinese in Beijing: China,EAS
NA18609,CHB,Han Chinese in Beijing: China,EAS
NA18610,CHB,Han Chinese in Beijing: China,EAS
NA18611,CHB,Han Chinese in Beijing: China,EAS
NA18612,CHB,Han Chinese in Beijing: China,EAS
NA18613,CHB,Han Chinese in Beijing: China,EAS
NA18614,CHB,Han Chinese in Beijing: China,EAS
NA18615,CHB,Han Chinese in Beijing: China,EAS
NA18616,CHB,Han Chinese in Beijing: China,EAS
NA18617,CHB,Han Chinese in Beijing: China,EAS
NA18618,CHB,Han Chinese in Beijing: China,EAS
NA18619,CHB,Han Chinese in Beijing: China,EAS
NA18620,CHB,Han Chinese in Beijing: China,EAS
NA18621,CHB,Han Chinese in Beijing: China,EAS
NA18622,CHB,Han Chinese in Beijing: China,EAS
NA18623,CHB,Han Chinese in Beijing: China,EAS
NA18624,CHB,Han Chinese in Beijing: China,EAS
NA18625,CHB,Han Chinese in Beijing: China,EAS
NA18626,CHB,Han Chinese in Beijing: China,EAS
NA18627,CHB,Han Chinese in Beijing: China,EAS
NA18628,CHB,Han Chinese in Beijing: China,EAS
NA18629,CHB,Han Chinese in Beijing: China,EAS
NA18630,CHB,Han Chinese in Beijing: China,EAS
NA18631,CHB,Han Chinese in Beijing: China,EAS
NA18632,CHB,Han Chinese in Beijing: China,EAS
NA18633,CHB,Han Chinese in Beijing: China,EAS
NA18634,CHB,Han Chinese in Beijing: China,EAS
NA18635,CHB,Han Chinese in Beijing: China,EAS
NA18636,CHB,Han Chinese in Beijing: China,EAS
NA18637,CHB,Han Chinese in Beijing: China,EAS
NA18638,CHB,Han Chinese in Beijing: China,EAS
NA18639,CHB,Han Chinese in Beijing: China,EAS
NA18640,CHB,Han Chinese in Beijing: China,EAS
NA18641,CHB,Han Chinese in Beijing: China,EAS
NA18642,CHB,Han Chinese in Beijing: China,EAS
NA18643,CHB,Han Chinese in Beijing: China,EAS
NA18644,CHB,Han Chinese in Beijing: China,EAS
NA18645,CHB,Han Chinese in Beijing: China,EAS
NA18646,CHB,Han Chinese in Beijing: China,EAS
NA18647,CHB,Han Chinese in Beijing: China,EAS
NA18648,CHB,Han Chinese in Beijing: China,EAS
NA18740,CHB,Han Chinese in Beijing: China,EAS
NA18745,CHB,Han Chinese in Beijing: China,EAS
NA18747,CHB,Han Chinese in Beijing: China,EAS
NA18748,CHB,Han Chinese in Beijing: China,EAS
NA18749,CHB,Han Chinese in Beijing: China,EAS
NA18757,CHB,Han Chinese in Beijing: China,EAS
NA18939,JPT,Japanese in Tokyo: Japan,EAS
NA18940,JPT,Japanese in Tokyo: Japan,EAS
NA18941,JPT,Japanese in Tokyo: Japan,EAS
NA18942,JPT,Japanese in Tokyo: Japan,EAS
NA18943,JPT,Japanese in Tokyo: Japan,EAS
NA18944,JPT,Japanese in Tokyo: Japan,EAS
NA18945,JPT,Japanese in Tokyo: Japan,EAS
NA18946,JPT,Japanese in Tokyo: Japan,EAS
NA18947,JPT,Japanese in Tokyo: Japan,EAS
NA18948,JPT,Japanese in Tokyo: Japan,EAS
NA18949,JPT,Japanese in Tokyo: Japan,EAS
NA18950,JPT,Japanese in Tokyo: Japan,EAS
NA18951,JPT,Japanese in Tokyo: Japan,EAS
NA18952,JPT,Japanese in Tokyo: Japan,EAS
NA18953,JPT,Japanese in Tokyo: Japan,EAS
NA18954,JPT,Japanese in Tokyo: Japan,EAS
NA18956,JPT,Japanese in Tokyo: Japan,EAS
NA18957,JPT,Japanese in Tokyo: Japan,EAS
NA18959,JPT,Japanese in Tokyo: Japan,EAS
NA18960,JPT,Japanese in Tokyo: Japan,EAS
NA18961,JPT,Japanese in Tokyo: Japan,EAS
NA18962,JPT,Japanese in Tokyo: Japan,EAS
NA18963,JPT,Japanese in Tokyo: Japan,EAS
NA18964,JPT,Japanese in Tokyo: Japan,EAS
NA18965,JPT,Japanese in Tokyo: Japan,EAS
NA18966,JPT,Japanese in Tokyo: Japan,EAS
NA18967,JPT,Japanese in Tokyo: Japan,EAS
NA18968,JPT,Japanese in Tokyo: Japan,EAS
NA18969,JPT,Japanese in Tokyo: Japan,EAS
NA18970,JPT,Japanese in Tokyo: Japan,EAS
NA18971,JPT,Japanese in Tokyo: Japan,EAS
NA18972,JPT,Japanese in Tokyo: Japan,EAS
NA18973,JPT,Japanese in Tokyo: Japan,EAS
NA18974,JPT,Japanese in Tokyo: Japan,EAS
NA18975,JPT,Japanese in Tokyo: Japan,EAS
NA18976,JPT,Japanese in Tokyo: Japan,EAS
NA18977,JPT,Japanese in Tokyo: Japan,EAS
NA18978,JPT,Japanese in Tokyo: Japan,EAS
NA18979,JPT,Japanese in Tokyo: Japan,EAS
NA18980,JPT,Japanese in Tokyo: Japan,EAS
NA18981,JPT,Japanese in Tokyo: Japan,EAS
NA18982,JPT,Japanese in Tokyo: Japan,EAS
NA18983,JPT,Japanese in Tokyo: Japan,EAS
NA18984,JPT,Japanese in Tokyo: Japan,EAS
NA18985,JPT,Japanese in Tokyo: Japan,EAS
NA18986,JPT,Japanese in Tokyo: Japan,EAS
NA18987,JPT,Japanese in Tokyo: Japan,EAS
NA18988,JPT,Japanese in Tokyo: Japan,EAS
NA18989,JPT,Japanese in Tokyo: Japan,EAS
NA18990,JPT,Japanese in Tokyo: Japan,EAS
NA18991,JPT,Japanese in Tokyo: Japan,EAS
NA18992,JPT,Japanese in Tokyo: Japan,EAS
NA18993,JPT,Japanese in Tokyo: Japan,EAS
NA18994,JPT,Japanese in Tokyo: Japan,EAS
NA18995,JPT,Japanese in Tokyo: Japan,EAS
NA18997,JPT,Japanese in Tokyo: Japan,EAS
NA18998,JPT,Japanese in Tokyo: Japan,EAS
NA18999,JPT,Japanese in Tokyo: Japan,EAS
NA19000,JPT,Japanese in Tokyo: Japan,EAS
NA19001,JPT,Japanese in Tokyo: Japan,EAS
NA19002,JPT,Japanese in Tokyo: Japan,EAS
NA19003,JPT,Japanese in Tokyo: Japan,EAS
NA19004,JPT,Japanese in Tokyo: Japan,EAS
NA19005,JPT,Japanese in Tokyo: Japan,EAS
NA19006,JPT,Japanese in Tokyo: Japan,EAS
NA19007,JPT,Japanese in Tokyo: Japan,EAS
NA19009,JPT,Japanese in Tokyo: Japan,EAS
NA19010,JPT,Japanese in Tokyo: Japan,EAS
NA19011,JPT,Japanese in Tokyo: Japan,EAS
NA19012,JPT,Japanese in Tokyo: Japan,EAS
NA19054,JPT,Japanese in Tokyo: Japan,EAS
NA19055,JPT,Japanese in Tokyo: Japan,EAS
NA19056,JPT,Japanese in Tokyo: Japan,EAS
NA19057,JPT,Japanese in Tokyo: Japan,EAS
NA19058,JPT,Japanese in Tokyo: Japan,EAS
NA19059,JPT,Japanese in Tokyo: Japan,EAS
NA19060,JPT,Japanese in Tokyo: Japan,EAS
NA19062,JPT,Japanese in Tokyo: Japan,EAS
NA19063,JPT,Japanese in Tokyo: Japan,EAS
NA19064,JPT,Japanese in Tokyo: Japan,EAS
NA19065,JPT,Japanese in Tokyo: Japan,EAS
NA19066,JPT,Japanese in Tokyo: Japan,EAS
NA19067,JPT,Japanese in Tokyo: Japan,EAS
NA19068,JPT,Japanese in Tokyo: Japan,EAS
NA19070,JPT,Japanese in Tokyo: Japan,EAS
NA19072,JPT,Japanese in Tokyo: Japan,EAS
NA19074,JPT,Japanese in Tokyo: Japan,EAS
NA19075,JPT,Japanese in Tokyo: Japan,EAS
NA19076,JPT,Japanese in Tokyo: Japan,EAS
NA19077,JPT,Japanese in Tokyo: Japan,EAS
NA19078,JPT,Japanese in Tokyo: Japan,EAS
NA19079,JPT,Japanese in Tokyo: Japan,EAS
NA19080,JPT,Japanese in Tokyo: Japan,EAS
NA19081,JPT,Japanese in Tokyo: Japan,EAS
NA19082,JPT,Japanese in Tokyo: Japan,EAS
NA19083,JPT,Japanese in Tokyo: Japan,EAS
NA19084,JPT,Japanese in Tokyo: Japan,EAS
NA19085,JPT,Japanese in Tokyo: Japan,EAS
NA19086,JPT,Japanese in Tokyo: Japan,EAS
NA19087,JPT,Japanese in Tokyo: Japan,EAS
NA19088,JPT,Japanese in Tokyo: Japan,EAS
NA19089,JPT,Japanese in Tokyo: Japan,EAS
NA19090,JPT,Japanese in Tokyo: Japan,EAS
NA19091,JPT,Japanese in Tokyo: Japan,EAS
HG00096,GBR,British in England and Scotland,EUR
HG00097,GBR,British in England and Scotland,EUR
HG00099,GBR,British in England and Scotland,EUR
HG00100,GBR,British in England and Scotland,EUR
HG00101,GBR,British in England and Scotland,EUR
HG00102,GBR,British in England and Scotland,EUR
HG00103,GBR,British in England and Scotland,EUR
HG00105,GBR,British in England and Scotland,EUR
HG00106,GBR,British in England and Scotland,EUR
HG00107,GBR,British in England and Scotland,EUR
HG00108,GBR,British in England and Scotland,EUR
HG00109,GBR,British in England and Scotland,EUR
HG00110,GBR,British in England and Scotland,EUR
HG00111,GBR,British in England and Scotland,EUR
HG00112,GBR,British in England and Scotland,EUR
HG00113,GBR,British in England and Scotland,EUR
HG00114,GBR,British in England and Scotland,EUR
HG00115,GBR,British in England and Scotland,EUR
HG00116,GBR,British in England and Scotland,EUR
HG00117,GBR,British in England and Scotland,EUR
HG00118,GBR,British in England and Scotland,EUR
HG00119,GBR,British in England and Scotland,EUR
HG00120,GBR,British in England and Scotland,EUR
HG00121,GBR,British in England and Scotland,EUR
HG00122,GBR,British in England and Scotland,EUR
HG00123,GBR,British in England and Scotland,EUR
HG00125,GBR,British in England and Scotland,EUR
HG00126,GBR,British in England and Scotland,EUR
HG00127,GBR,British in England and Scotland,EUR
HG00128,GBR,British in England and Scotland,EUR
HG00129,GBR,British in England and Scotland,EUR
HG00130,GBR,British in England and Scotland,EUR
HG00131,GBR,British in England and Scotland,EUR
HG00132,GBR,British in England and Scotland,EUR
HG00133,GBR,British in England and Scotland,EUR
HG00136,GBR,British in England and Scotland,EUR
HG00137,GBR,British in England and Scotland,EUR
HG00138,GBR,British in England and Scotland,EUR
HG00139,GBR,British in England and Scotland,EUR
HG00140,GBR,British in England and Scotland,EUR
HG00141,GBR,British in England and Scotland,EUR
HG00142,GBR,British in England and Scotland,EUR
HG00143,GBR,British in England and Scotland,EUR
HG00145,GBR,British in England and Scotland,EUR
HG00146,GBR,British in England and Scotland,EUR
HG00148,GBR,British in England and Scotland,EUR
HG00149,GBR,British in England and Scotland,EUR
HG00150,GBR,British in England and Scotland,EUR
HG00151,GBR,British in England and Scotland,EUR
HG00154,GBR,British in England and Scotland,EUR
HG00155,GBR,British in England and Scotland,EUR
HG00157,GBR,British in England and Scotland,EUR
HG00158,GBR,British in England and Scotland,EUR
HG00159,GBR,British in England and Scotland,EUR
HG00160,GBR,British in England and Scotland,EUR
HG00171,FIN,Finnish in Finland,EUR
HG00173,FIN,Finnish in Finland,EUR
HG00174,FIN,Finnish in Finland,EUR
HG00176,FIN,Finnish in Finland,EUR
HG00177,FIN,Finnish in Finland,EUR
HG00178,FIN,Finnish in Finland,EUR
HG00179,FIN,Finnish in Finland,EUR
HG00180,FIN,Finnish in Finland,EUR
HG00181,FIN,Finnish in Finland,EUR
HG00182,FIN,Finnish in Finland,EUR
HG00183,FIN,Finnish in Finland,EUR
HG00185,FIN,Finnish in Finland,EUR
HG00186,FIN,Finnish in Finland,EUR
HG00187,FIN,Finnish in Finland,EUR
HG00188,FIN,Finnish in Finland,EUR
HG00189,FIN,Finnish in Finland,EUR
HG00190,FIN,Finnish in Finland,EUR
HG00231,GBR,British in England and Scotland,EUR
HG00232,GBR,British in England and Scotland,EUR
HG00233,GBR,British in England and Scotland,EUR
HG00234,GBR,British in England and Scotland,EUR
HG00235,GBR,British in England and Scotland,EUR
HG00236,GBR,British in England and Scotland,EUR
HG00237,GBR,British in England and Scotland,EUR
HG00238,GBR,British in England and Scotland,EUR
HG00239,GBR,British in England and Scotland,EUR
HG00240,GBR,British in England and Scotland,EUR
HG00242,GBR,British in England and Scotland,EUR
HG00243,GBR,British in England and Scotland,EUR
HG00244,GBR,British in England and Scotland,EUR
HG00245,GBR,British in England and Scotland,EUR
HG00246,GBR,British in England and Scotland,EUR
HG00250,GBR,British in England and Scotland,EUR
HG00251,GBR,British in England and Scotland,EUR
HG00252,GBR,British in England and Scotland,EUR
HG00253,GBR,British in England and Scotland,EUR
HG00254,GBR,British in England and Scotland,EUR
HG00255,GBR,British in England and Scotland,EUR
HG00256,GBR,British in England and Scotland,EUR
HG00257,GBR,British in England and Scotland,EUR
HG00258,GBR,British in England and Scotland,EUR
HG00259,GBR,British in England and Scotland,EUR
HG00260,GBR,British in England and Scotland,EUR
HG00261,GBR,British in England and Scotland,EUR
HG00262,GBR,British in England and Scotland,EUR
HG00263,GBR,British in England and Scotland,EUR
HG00264,GBR,British in England and Scotland,EUR
HG00265,GBR,British in England and Scotland,EUR
HG00266,FIN,Finnish in Finland,EUR
HG00267,FIN,Finnish in Finland,EUR
HG00268,FIN,Finnish in Finland,EUR
HG00269,FIN,Finnish in Finland,EUR
HG00271,FIN,Finnish in Finland,EUR
HG00272,FIN,Finnish in Finland,EUR
HG00273,FIN,Finnish in Finland,EUR
HG00274,FIN,Finnish in Finland,EUR
HG00275,FIN,Finnish in Finland,EUR
HG00276,FIN,Finnish in Finland,EUR
HG00277,FIN,Finnish in Finland,EUR
HG00278,FIN,Finnish in Finland,EUR
HG00280,FIN,Finnish in Finland,EUR
HG00281,FIN,Finnish in Finland,EUR
HG00282,FIN,Finnish in Finland,EUR
HG00284,FIN,Finnish in Finland,EUR
HG00285,FIN,Finnish in Finland,EUR
HG00288,FIN,Finnish in Finland,EUR
HG00290,FIN,Finnish in Finland,EUR
HG00304,FIN,Finnish in Finland,EUR
HG00306,FIN,Finnish in Finland,EUR
HG00308,FIN,Finnish in Finland,EUR
HG00309,FIN,Finnish in Finland,EUR
HG00310,FIN,Finnish in Finland,EUR
HG00311,FIN,Finnish in Finland,EUR
HG00313,FIN,Finnish in Finland,EUR
HG00315,FIN,Finnish in Finland,EUR
HG00318,FIN,Finnish in Finland,EUR
HG00319,FIN,Finnish in Finland,EUR
HG00320,FIN,Finnish in Finland,EUR
HG00321,FIN,Finnish in Finland,EUR
HG00323,FIN,Finnish in Finland,EUR
HG00324,FIN,Finnish in Finland,EUR
HG00325,FIN,Finnish in Finland,EUR
HG00326,FIN,Finnish in Finland,EUR
HG00327,FIN,Finnish in Finland,EUR
HG00328,FIN,Finnish in Finland,EUR
HG00329,FIN,Finnish in Finland,EUR
HG00330,FIN,Finnish in Finland,EUR
HG00331,FIN,Finnish in Finland,EUR
HG00332,FIN,Finnish in Finland,EUR
HG00334,FIN,Finnish in Finland,EUR
HG00335,FIN,Finnish in Finland,EUR
HG00336,FIN,Finnish in Finland,EUR
HG00337,FIN,Finnish in Finland,EUR
HG00338,FIN,Finnish in Finland,EUR
HG00339,FIN,Finnish in Finland,EUR
HG00341,FIN,Finnish in Finland,EUR
HG00342,FIN,Finnish in Finland,EUR
HG00343,FIN,Finnish in Finland,EUR
HG00344,FIN,Finnish in Finland,EUR
HG00345,FIN,Finnish in Finland,EUR
HG00346,FIN,Finnish in Finland,EUR
HG00349,FIN,Finnish in Finland,EUR
HG00350,FIN,Finnish in Finland,EUR
HG00351,FIN,Finnish in Finland,EUR
HG00353,FIN,Finnish in Finland,EUR
HG00355,FIN,Finnish in Finland,EUR
HG00356,FIN,Finnish in Finland,EUR
HG00357,FIN,Finnish in Finland,EUR
HG00358,FIN,Finnish in Finland,EUR
HG00360,FIN,Finnish in Finland,EUR
HG00361,FIN,Finnish in Finland,EUR
HG00362,FIN,Finnish in Finland,EUR
HG00364,FIN,Finnish in Finland,EUR
HG00365,FIN,Finnish in Finland,EUR
HG00366,FIN,Finnish in Finland,EUR
HG00367,FIN,Finnish in Finland,EUR
HG00368,FIN,Finnish in Finland,EUR
HG00369,FIN,Finnish in Finland,EUR
HG00371,FIN,Finnish in Finland,EUR
HG00372,FIN,Finnish in Finland,EUR
HG00373,FIN,Finnish in Finland,EUR
HG00375,FIN,Finnish in Finland,EUR
HG00376,FIN,Finnish in Finland,EUR
HG00378,FIN,Finnish in Finland,EUR
HG00379,FIN,Finnish in Finland,EUR
HG00380,FIN,Finnish in Finland,EUR
HG00381,FIN,Finnish in Finland,EUR
HG00382,FIN,Finnish in Finland,EUR
HG00383,FIN,Finnish in Finland,EUR
HG00384,FIN,Finnish in Finland,EUR
HG01334,GBR,British in England and Scotland,EUR
HG01500,IBS,Iberian Population in Spain,EUR
HG01501,IBS,Iberian Population in Spain,EUR
HG01503,IBS,Iberian Population in Spain,EUR
HG01504,IBS,Iberian Population in Spain,EUR
HG01506,IBS,Iberian Population in Spain,EUR
HG01507,IBS,Iberian Population in Spain,EUR
HG01509,IBS,Iberian Population in Spain,EUR
HG01510,IBS,Iberian Population in Spain,EUR
HG01512,IBS,Iberian Population in Spain,EUR
HG01513,IBS,Iberian Population in Spain,EUR
HG01515,IBS,Iberian Population in Spain,EUR
HG01516,IBS,Iberian Population in Spain,EUR
HG01518,IBS,Iberian Population in Spain,EUR
HG01519,IBS,Iberian Population in Spain,EUR
HG01521,IBS,Iberian Population in Spain,EUR
HG01522,IBS,Iberian Population in Spain,EUR
HG01524,IBS,Iberian Population in Spain,EUR
HG01525,IBS,Iberian Population in Spain,EUR
HG01527,IBS,Iberian Population in Spain,EUR
HG01528,IBS,Iberian Population in Spain,EUR
HG01530,IBS,Iberian Population in Spain,EUR
HG01531,IBS,Iberian Population in Spain,EUR
HG01536,IBS,Iberian Population in Spain,EUR
HG01537,IBS,Iberian Population in Spain,EUR
HG01602,IBS,Iberian Population in Spain,EUR
HG01603,IBS,Iberian Population in Spain,EUR
HG01605,IBS,Iberian Population in Spain,EUR
HG01606,IBS,Iberian Population in Spain,EUR
HG01607,IBS,Iberian Population in Spain,EUR
HG01608,IBS,Iberian Population in Spain,EUR
HG01610,IBS,Iberian Population in Spain,EUR
HG01612,IBS,Iberian Population in Spain,EUR
HG01613,IBS,Iberian Population in Spain,EUR
HG01615,IBS,Iberian Population in Spain,EUR
HG01617,IBS,Iberian Population in Spain,EUR
HG01618,IBS,Iberian Population in Spain,EUR
HG01619,IBS,Iberian Population in Spain,EUR
HG01620,IBS,Iberian Population in Spain,EUR
HG01623,IBS,Iberian Population in Spain,EUR
HG01624,IBS,Iberian Population in Spain,EUR
HG01625,IBS,Iberian Population in Spain,EUR
HG01626,IBS,Iberian Population in Spain,EUR
HG01628,IBS,Iberian Population in Spain,EUR
HG01630,IBS,Iberian Population in Spain,EUR
HG01631,IBS,Iberian Population in Spain,EUR
HG01632,IBS,Iberian Population in Spain,EUR
HG01668,IBS,Iberian Population in Spain,EUR
HG01669,IBS,Iberian Population in Spain,EUR
HG01670,IBS,Iberian Population in Spain,EUR
HG01672,IBS,Iberian Population in Spain,EUR
HG01673,IBS,Iberian Population in Spain,EUR
HG01675,IBS,Iberian Population in Spain,EUR
HG01676,IBS,Iberian Population in Spain,EUR
HG01678,IBS,Iberian Population in Spain,EUR
HG01679,IBS,Iberian Population in Spain,EUR
HG01680,IBS,Iberian Population in Spain,EUR
HG01682,IBS,Iberian Population in Spain,EUR
HG01684,IBS,Iberian Population in Spain,EUR
HG01685,IBS,Iberian Population in Spain,EUR
HG01686,IBS,Iberian Population in Spain,EUR
HG01694,IBS,Iberian Population in Spain,EUR
HG01695,IBS,Iberian Population in Spain,EUR
HG01697,IBS,Iberian Population in Spain,EUR
HG01699,IBS,Iberian Population in Spain,EUR
HG01700,IBS,Iberian Population in Spain,EUR
HG01702,IBS,Iberian Population in Spain,EUR
HG01704,IBS,Iberian Population in Spain,EUR
HG01705,IBS,Iberian Population in Spain,EUR
HG01707,IBS,Iberian Population in Spain,EUR
HG01708,IBS,Iberian Population in Spain,EUR
HG01709,IBS,Iberian Population in Spain,EUR
HG01710,IBS,Iberian Population in Spain,EUR
HG01746,IBS,Iberian Population in Spain,EUR
HG01747,IBS,Iberian Population in Spain,EUR
HG01756,IBS,Iberian Population in Spain,EUR
HG01757,IBS,Iberian Population in Spain,EUR
HG01761,IBS,Iberian Population in Spain,EUR
HG01762,IBS,Iberian Population in Spain,EUR
HG01765,IBS,Iberian Population in Spain,EUR
HG01766,IBS,Iberian Population in Spain,EUR
HG01767,IBS,Iberian Population in Spain,EUR
HG01768,IBS,Iberian Population in Spain,EUR
HG01770,IBS,Iberian Population in Spain,EUR
HG01771,IBS,Iberian Population in Spain,EUR
HG01773,IBS,Iberian Population in Spain,EUR
HG01775,IBS,Iberian Population in Spain,EUR
HG01776,IBS,Iberian Population in Spain,EUR
HG01777,IBS,Iberian Population in Spain,EUR
HG01779,IBS,Iberian Population in Spain,EUR
HG01781,IBS,Iberian Population in Spain,EUR
HG01783,IBS,Iberian Population in Spain,EUR
HG01784,IBS,Iberian Population in Spain,EUR
HG01785,IBS,Iberian Population in Spain,EUR
HG01786,IBS,Iberian Population in Spain,EUR
HG01789,GBR,British in England and Scotland,EUR
HG01790,GBR,British in England and Scotland,EUR
HG01791,GBR,British in England and Scotland,EUR
HG02215,GBR,British in England and Scotland,EUR
HG02219,IBS,Iberian Population in Spain,EUR
HG02220,IBS,Iberian Population in Spain,EUR
HG02221,IBS,Iberian Population in Spain,EUR
HG02223,IBS,Iberian Population in Spain,EUR
HG02224,IBS,Iberian Population in Spain,EUR
HG02230,IBS,Iberian Population in Spain,EUR
HG02231,IBS,Iberian Population in Spain,EUR
HG02232,IBS,Iberian Population in Spain,EUR
HG02233,IBS,Iberian Population in Spain,EUR
HG02235,IBS,Iberian Population in Spain,EUR
HG02236,IBS,Iberian Population in Spain,EUR
HG02238,IBS,Iberian Population in Spain,EUR
HG02239,IBS,Iberian Population in Spain,EUR
NA06984,CEU,Utah Residents (CEPH) with Northern and Western European Ancestry,EUR
NA06985,CEU,Utah Residents (CEPH) with Northern and Western European Ancestry,EUR
NA06986,CEU,Utah Residents (CEPH) with Northern and Western European Ancestry,EUR
NA06989,CEU,Utah Residents (CEPH) with Northern and Western European Ancestry,EUR
NA06994,CEU,Utah Residents (CEPH) with Northern and Western European Ancestry,EUR
NA07000,CEU,Utah Residents (CEPH) with Northern and Western European Ancestry,EUR
NA07037,CEU,Utah Residents (CEPH) with Northern and Western European Ancestry,EUR
NA07048,CEU,Utah Residents (CEPH) with Northern and Western European Ancestry,EUR
NA07051,CEU,Utah Residents (CEPH) with Northern and Western European Ancestry,EUR
NA07056,CEU,Utah Residents (CEPH) with Northern and Western European Ancestry,EUR
NA07347,CEU,Utah Residents (CEPH) with Northern and Western European Ancestry,EUR
NA07357,CEU,Utah Residents (CEPH) with Northern and Western European Ancestry,EUR
NA10847,CEU,Utah Residents (CEPH) with Northern and Western European Ancestry,EUR
NA10851,CEU,Utah Residents (CEPH) with Northern and Western European Ancestry,EUR
NA11829,CEU,Utah Residents (CEPH) with Northern and Western European Ancestry,EUR
NA11830,CEU,Utah Residents (CEPH) with Northern and Western European Ancestry,EUR
NA11831,CEU,Utah Residents (CEPH) with Northern and Western European Ancestry,EUR
NA11832,CEU,Utah Residents (CEPH) with Northern and Western European Ancestry,EUR
NA11840,CEU,Utah Residents (CEPH) with Northern and Western European Ancestry,EUR
NA11843,CEU,Utah Residents (CEPH) with Northern and Western European Ancestry,EUR
NA11881,CEU,Utah Residents (CEPH) with Northern and Western European Ancestry,EUR
NA11892,CEU,Utah Residents (CEPH) with Northern and Western European Ancestry,EUR
NA11893,CEU,Utah Residents (CEPH) with Northern and Western European Ancestry,EUR
NA11894,CEU,Utah Residents (CEPH) with Northern and Western European Ancestry,EUR
NA11918,CEU,Utah Residents (CEPH) with Northern and Western European Ancestry,EUR
NA11919,CEU,Utah Residents (CEPH) with Northern and Western European Ancestry,EUR
NA11920,CEU,Utah Residents (CEPH) with Northern and Western European Ancestry,EUR
NA11930,CEU,Utah Residents (CEPH) with Northern and Western European Ancestry,EUR
NA11931,CEU,Utah Residents (CEPH) with Northern and Western European Ancestry,EUR
NA11932,CEU,Utah Residents (CEPH) with Northern and Western European Ancestry,EUR
NA11933,CEU,Utah Residents (CEPH) with Northern and Western European Ancestry,EUR
NA11992,CEU,Utah Residents (CEPH) with Northern and Western European Ancestry,EUR
NA11994,CEU,Utah Residents (CEPH) with Northern and Western European Ancestry,EUR
NA11995,CEU,Utah Residents (CEPH) with Northern and Western European Ancestry,EUR
NA12003,CEU,Utah Residents (CEPH) with Northern and Western European Ancestry,EUR
NA12004,CEU,Utah Residents (CEPH) with Northern and Western European Ancestry,EUR
NA12005,CEU,Utah Residents (CEPH) with Northern and Western European Ancestry,EUR
NA12006,CEU,Utah Residents (CEPH) with Northern and Western European Ancestry,EUR
NA12043,CEU,Utah Residents (CEPH) with Northern and Western European Ancestry,EUR
NA12044,CEU,Utah Residents (CEPH) with Northern and Western European Ancestry,EUR
NA12045,CEU,Utah Residents (CEPH) with Northern and Western European Ancestry,EUR
NA12046,CEU,Utah Residents (CEPH) with Northern and Western European Ancestry,EUR
NA12058,CEU,Utah Residents (CEPH) with Northern and Western European Ancestry,EUR
NA12144,CEU,Utah Residents (CEPH) with Northern and Western European Ancestry,EUR
NA12154,CEU,Utah Residents (CEPH) with Northern and Western European Ancestry,EUR
NA12155,CEU,Utah Residents (CEPH) with Northern and Western European Ancestry,EUR
NA12156,CEU,Utah Residents (CEPH) with Northern and Western European Ancestry,EUR
NA12234,CEU,Utah Residents (CEPH) with Northern and Western European Ancestry,EUR
NA12249,CEU,Utah Residents (CEPH) with Northern and Western European Ancestry,EUR
NA12272,CEU,Utah Residents (CEPH) with Northern and Western European Ancestry,EUR
NA12273,CEU,Utah Residents (CEPH) with Northern and Western European Ancestry,EUR
NA12275,CEU,Utah Residents (CEPH) with Northern and Western European Ancestry,EUR
NA12282,CEU,Utah Residents (CEPH) with Northern and Western European Ancestry,EUR
NA12283,CEU,Utah Residents (CEPH) with Northern and Western European Ancestry,EUR
NA12286,CEU,Utah Residents (CEPH) with Northern and Western European Ancestry,EUR
NA12287,CEU,Utah Residents (CEPH) with Northern and Western European Ancestry,EUR
NA12340,CEU,Utah Residents (CEPH) with Northern and Western European Ancestry,EUR
NA12341,CEU,Utah Residents (CEPH) with Northern and Western European Ancestry,EUR
NA12342,CEU,Utah Residents (CEPH) with Northern and Western European Ancestry,EUR
NA12347,CEU,Utah Residents (CEPH) with Northern and Western European Ancestry,EUR
NA12348,CEU,Utah Residents (CEPH) with Northern and Western European Ancestry,EUR
NA12383,CEU,Utah Residents (CEPH) with Northern and Western European Ancestry,EUR
NA12399,CEU,Utah Residents (CEPH) with Northern and Western European Ancestry,EUR
NA12400,CEU,Utah Residents (CEPH) with Northern and Western European Ancestry,EUR
NA12413,CEU,Utah Residents (CEPH) with Northern and Western European Ancestry,EUR
NA12414,CEU,Utah Residents (CEPH) with Northern and Western European Ancestry,EUR
NA12489,CEU,Utah Residents (CEPH) with Northern and Western European Ancestry,EUR
NA12546,CEU,Utah Residents (CEPH) with Northern and Western European Ancestry,EUR
NA12716,CEU,Utah Residents (CEPH) with Northern and Western European Ancestry,EUR
NA12717,CEU,Utah Residents (CEPH) with Northern and Western European Ancestry,EUR
NA12718,CEU,Utah Residents (CEPH) with Northern and Western European Ancestry,EUR
NA12748,CEU,Utah Residents (CEPH) with Northern and Western European Ancestry,EUR
NA12749,CEU,Utah Residents (CEPH) with Northern and Western European Ancestry,EUR
NA12750,CEU,Utah Residents (CEPH) with Northern and Western European Ancestry,EUR
NA12751,CEU,Utah Residents (CEPH) with Northern and Western European Ancestry,EUR
NA12760,CEU,Utah Residents (CEPH) with Northern and Western European Ancestry,EUR
NA12761,CEU,Utah Residents (CEPH) with Northern and Western European Ancestry,EUR
NA12762,CEU,Utah Residents (CEPH) with Northern and Western European Ancestry,EUR
NA12763,CEU,Utah Residents (CEPH) with Northern and Western European Ancestry,EUR
NA12775,CEU,Utah Residents (CEPH) with Northern and Western European Ancestry,EUR
NA12776,CEU,Utah Residents (CEPH) with Northern and Western European Ancestry,EUR
NA12777,CEU,Utah Residents (CEPH) with Northern and Western European Ancestry,EUR
NA12778,CEU,Utah Residents (CEPH) with Northern and Western European Ancestry,EUR
NA12812,CEU,Utah Residents (CEPH) with Northern and Western European Ancestry,EUR
NA12813,CEU,Utah Residents (CEPH) with Northern and Western European Ancestry,EUR
NA12814,CEU,Utah Residents (CEPH) with Northern and Western European Ancestry,EUR
NA12815,CEU,Utah Residents (CEPH) with Northern and Western European Ancestry,EUR
NA12827,CEU,Utah Residents (CEPH) with Northern and Western European Ancestry,EUR
NA12828,CEU,Utah Residents (CEPH) with Northern and Western European Ancestry,EUR
NA12829,CEU,Utah Residents (CEPH) with Northern and Western European Ancestry,EUR
NA12830,CEU,Utah Residents (CEPH) with Northern and Western European Ancestry,EUR
NA12842,CEU,Utah Residents (CEPH) with Northern and Western European Ancestry,EUR
NA12843,CEU,Utah Residents (CEPH) with Northern and Western European Ancestry,EUR
NA12872,CEU,Utah Residents (CEPH) with Northern and Western European Ancestry,EUR
NA12873,CEU,Utah Residents (CEPH) with Northern and Western European Ancestry,EUR
NA12874,CEU,Utah Residents (CEPH) with Northern and Western European Ancestry,EUR
NA12878,CEU,Utah Residents (CEPH) with Northern and Western European Ancestry,EUR
NA12889,CEU,Utah Residents (CEPH) with Northern and Western European Ancestry,EUR
NA12890,CEU,Utah Residents (CEPH) with Northern and Western European Ancestry,EUR
NA20502,TSI,Toscani in Italia,EUR
NA20503,TSI,Toscani in Italia,EUR
NA20504,TSI,Toscani in Italia,EUR
NA20505,TSI,Toscani in Italia,EUR
NA20506,TSI,Toscani in Italia,EUR
NA20507,TSI,Toscani in Italia,EUR
NA20508,TSI,Toscani in Italia,EUR
NA20509,TSI,Toscani in Italia,EUR
NA20510,TSI,Toscani in Italia,EUR
NA20511,TSI,Toscani in Italia,EUR
NA20512,TSI,Toscani in Italia,EUR
NA20513,TSI,Toscani in Italia,EUR
NA20514,TSI,Toscani in Italia,EUR
NA20515,TSI,Toscani in Italia,EUR
NA20516,TSI,Toscani in Italia,EUR
NA20517,TSI,Toscani in Italia,EUR
NA20518,TSI,Toscani in Italia,EUR
NA20519,TSI,Toscani in Italia,EUR
NA20520,TSI,Toscani in Italia,EUR
NA20521,TSI,Toscani in Italia,EUR
NA20522,TSI,Toscani in Italia,EUR
NA20524,TSI,Toscani in Italia,EUR
NA20525,TSI,Toscani in Italia,EUR
NA20527,TSI,Toscani in Italia,EUR
NA20528,TSI,Toscani in Italia,EUR
NA20529,TSI,Toscani in Italia,EUR
NA20530,TSI,Toscani in Italia,EUR
NA20531,TSI,Toscani in Italia,EUR
NA20532,TSI,Toscani in Italia,EUR
NA20533,TSI,Toscani in Italia,EUR
NA20534,TSI,Toscani in Italia,EUR
NA20535,TSI,Toscani in Italia,EUR
NA20536,TSI,Toscani in Italia,EUR
NA20538,TSI,Toscani in Italia,EUR
NA20539,TSI,Toscani in Italia,EUR
NA20540,TSI,Toscani in Italia,EUR
NA20541,TSI,Toscani in Italia,EUR
NA20542,TSI,Toscani in Italia,EUR
NA20543,TSI,Toscani in Italia,EUR
NA20544,TSI,Toscani in Italia,EUR
NA20581,TSI,Toscani in Italia,EUR
NA20582,TSI,Toscani in Italia,EUR
NA20585,TSI,Toscani in Italia,EUR
NA20586,TSI,Toscani in Italia,EUR
NA20587,TSI,Toscani in Italia,EUR
NA20588,TSI,Toscani in Italia,EUR
NA20589,TSI,Toscani in Italia,EUR
NA20752,TSI,Toscani in Italia,EUR
NA20753,TSI,Toscani in Italia,EUR
NA20754,TSI,Toscani in Italia,EUR
NA20755,TSI,Toscani in Italia,EUR
NA20756,TSI,Toscani in Italia,EUR
NA20757,TSI,Toscani in Italia,EUR
NA20758,TSI,Toscani in Italia,EUR
NA20759,TSI,Toscani in Italia,EUR
NA20760,TSI,Toscani in Italia,EUR
NA20761,TSI,Toscani in Italia,EUR
NA20762,TSI,Toscani in Italia,EUR
NA20763,TSI,Toscani in Italia,EUR
NA20764,TSI,Toscani in Italia,EUR
NA20765,TSI,Toscani in Italia,EUR
NA20766,TSI,Toscani in Italia,EUR
NA20767,TSI,Toscani in Italia,EUR
NA20768,TSI,Toscani in Italia,EUR
NA20769,TSI,Toscani in Italia,EUR
NA20770,TSI,Toscani in Italia,EUR
NA20771,TSI,Toscani in Italia,EUR
NA20772,TSI,Toscani in Italia,EUR
NA20773,TSI,Toscani in Italia,EUR
NA20774,TSI,Toscani in Italia,EUR
NA20775,TSI,Toscani in Italia,EUR
NA20778,TSI,Toscani in Italia,EUR
NA20783,TSI,Toscani in Italia,EUR
NA20785,TSI,Toscani in Italia,EUR
NA20786,TSI,Toscani in Italia,EUR
NA20787,TSI,Toscani in Italia,EUR
NA20790,TSI,Toscani in Italia,EUR
NA20792,TSI,Toscani in Italia,EUR
NA20795,TSI,Toscani in Italia,EUR
NA20796,TSI,Toscani in Italia,EUR
NA20797,TSI,Toscani in Italia,EUR
NA20798,TSI,Toscani in Italia,EUR
NA20799,TSI,Toscani in Italia,EUR
NA20800,TSI,Toscani in Italia,EUR
NA20801,TSI,Toscani in Italia,EUR
NA20802,TSI,Toscani in Italia,EUR
NA20803,TSI,Toscani in Italia,EUR
NA20804,TSI,Toscani in Italia,EUR
NA20805,TSI,Toscani in Italia,EUR
NA20806,TSI,Toscani in Italia,EUR
NA20807,TSI,Toscani in Italia,EUR
NA20808,TSI,Toscani in Italia,EUR
NA20809,TSI,Toscani in Italia,EUR
NA20810,TSI,Toscani in Italia,EUR
NA20811,TSI,Toscani in Italia,EUR
NA20812,TSI,Toscani in Italia,EUR
NA20813,TSI,Toscani in Italia,EUR
NA20814,TSI,Toscani in Italia,EUR
NA20815,TSI,Toscani in Italia,EUR
NA20818,TSI,Toscani in Italia,EUR
NA20819,TSI,Toscani in Italia,EUR
NA20821,TSI,Toscani in Italia,EUR
NA20822,TSI,Toscani in Italia,EUR
NA20826,TSI,Toscani in Italia,EUR
NA20827,TSI,Toscani in Italia,EUR
NA20828,TSI,Toscani in Italia,EUR
NA20832,TSI,Toscani in Italia,EUR
HG01583,PJL,Punjabi from Lahore: Pakistan,SAS
HG01586,PJL,Punjabi from Lahore: Pakistan,SAS
HG01589,PJL,Punjabi from Lahore: Pakistan,SAS
HG01593,PJL,Punjabi from Lahore: Pakistan,SAS
HG02490,PJL,Punjabi from Lahore: Pakistan,SAS
HG02491,PJL,Punjabi from Lahore: Pakistan,SAS
HG02493,PJL,Punjabi from Lahore: Pakistan,SAS
HG02494,PJL,Punjabi from Lahore: Pakistan,SAS
HG02597,PJL,Punjabi from Lahore: Pakistan,SAS
HG02600,PJL,Punjabi from Lahore: Pakistan,SAS
HG02601,PJL,Punjabi from Lahore: Pakistan,SAS
HG02603,PJL,Punjabi from Lahore: Pakistan,SAS
HG02604,PJL,Punjabi from Lahore: Pakistan,SAS
HG02648,PJL,Punjabi from Lahore: Pakistan,SAS
HG02649,PJL,Punjabi from Lahore: Pakistan,SAS
HG02651,PJL,Punjabi from Lahore: Pakistan,SAS
HG02652,PJL,Punjabi from Lahore: Pakistan,SAS
HG02654,PJL,Punjabi from Lahore: Pakistan,SAS
HG02655,PJL,Punjabi from Lahore: Pakistan,SAS
HG02657,PJL,Punjabi from Lahore: Pakistan,SAS
HG02658,PJL,Punjabi from Lahore: Pakistan,SAS
HG02660,PJL,Punjabi from Lahore: Pakistan,SAS
HG02661,PJL,Punjabi from Lahore: Pakistan,SAS
HG02681,PJL,Punjabi from Lahore: Pakistan,SAS
HG02682,PJL,Punjabi from Lahore: Pakistan,SAS
HG02684,PJL,Punjabi from Lahore: Pakistan,SAS
HG02685,PJL,Punjabi from Lahore: Pakistan,SAS
HG02687,PJL,Punjabi from Lahore: Pakistan,SAS
HG02688,PJL,Punjabi from Lahore: Pakistan,SAS
HG02690,PJL,Punjabi from Lahore: Pakistan,SAS
HG02691,PJL,Punjabi from Lahore: Pakistan,SAS
HG02694,PJL,Punjabi from Lahore: Pakistan,SAS
HG02696,PJL,Punjabi from Lahore: Pakistan,SAS
HG02697,PJL,Punjabi from Lahore: Pakistan,SAS
HG02699,PJL,Punjabi from Lahore: Pakistan,SAS
HG02700,PJL,Punjabi from Lahore: Pakistan,SAS
HG02724,PJL,Punjabi from Lahore: Pakistan,SAS
HG02725,PJL,Punjabi from Lahore: Pakistan,SAS
HG02727,PJL,Punjabi from Lahore: Pakistan,SAS
HG02728,PJL,Punjabi from Lahore: Pakistan,SAS
HG02731,PJL,Punjabi from Lahore: Pakistan,SAS
HG02733,PJL,Punjabi from Lahore: Pakistan,SAS
HG02734,PJL,Punjabi from Lahore: Pakistan,SAS
HG02736,PJL,Punjabi from Lahore: Pakistan,SAS
HG02737,PJL,Punjabi from Lahore: Pakistan,SAS
HG02774,PJL,Punjabi from Lahore: Pakistan,SAS
HG02775,PJL,Punjabi from Lahore: Pakistan,SAS
HG02778,PJL,Punjabi from Lahore: Pakistan,SAS
HG02780,PJL,Punjabi from Lahore: Pakistan,SAS
HG02783,PJL,Punjabi from Lahore: Pakistan,SAS
HG02784,PJL,Punjabi from Lahore: Pakistan,SAS
HG02786,PJL,Punjabi from Lahore: Pakistan,SAS
HG02787,PJL,Punjabi from Lahore: Pakistan,SAS
HG02789,PJL,Punjabi from Lahore: Pakistan,SAS
HG02790,PJL,Punjabi from Lahore: Pakistan,SAS
HG02792,PJL,Punjabi from Lahore: Pakistan,SAS
HG02793,PJL,Punjabi from Lahore: Pakistan,SAS
HG03006,BEB,Bengali from Bangladesh,SAS
HG03007,BEB,Bengali from Bangladesh,SAS
HG03009,BEB,Bengali from Bangladesh,SAS
HG03012,BEB,Bengali from Bangladesh,SAS
HG03015,PJL,Punjabi from Lahore: Pakistan,SAS
HG03016,PJL,Punjabi from Lahore: Pakistan,SAS
HG03018,PJL,Punjabi from Lahore: Pakistan,SAS
HG03019,PJL,Punjabi from Lahore: Pakistan,SAS
HG03021,PJL,Punjabi from Lahore: Pakistan,SAS
HG03022,PJL,Punjabi from Lahore: Pakistan,SAS
HG03228,PJL,Punjabi from Lahore: Pakistan,SAS
HG03229,PJL,Punjabi from Lahore: Pakistan,SAS
HG03234,PJL,Punjabi from Lahore: Pakistan,SAS
HG03235,PJL,Punjabi from Lahore: Pakistan,SAS
HG03237,PJL,Punjabi from Lahore: Pakistan,SAS
HG03238,PJL,Punjabi from Lahore: Pakistan,SAS
HG03488,PJL,Punjabi from Lahore: Pakistan,SAS
HG03490,PJL,Punjabi from Lahore: Pakistan,SAS
HG03491,PJL,Punjabi from Lahore: Pakistan,SAS
HG03585,BEB,Bengali from Bangladesh,SAS
HG03589,BEB,Bengali from Bangladesh,SAS
HG03593,BEB,Bengali from Bangladesh,SAS
HG03594,BEB,Bengali from Bangladesh,SAS
HG03595,BEB,Bengali from Bangladesh,SAS
HG03598,BEB,Bengali from Bangladesh,SAS
HG03600,BEB,Bengali from Bangladesh,SAS
HG03603,BEB,Bengali from Bangladesh,SAS
HG03604,BEB,Bengali from Bangladesh,SAS
HG03607,BEB,Bengali from Bangladesh,SAS
HG03611,BEB,Bengali from Bangladesh,SAS
HG03615,BEB,Bengali from Bangladesh,SAS
HG03616,BEB,Bengali from Bangladesh,SAS
HG03619,PJL,Punjabi from Lahore: Pakistan,SAS
HG03624,PJL,Punjabi from Lahore: Pakistan,SAS
HG03625,PJL,Punjabi from Lahore: Pakistan,SAS
HG03629,PJL,Punjabi from Lahore: Pakistan,SAS
HG03631,PJL,Punjabi from Lahore: Pakistan,SAS
HG03634,PJL,Punjabi from Lahore: Pakistan,SAS
HG03636,PJL,Punjabi from Lahore: Pakistan,SAS
HG03640,PJL,Punjabi from Lahore: Pakistan,SAS
HG03649,PJL,Punjabi from Lahore: Pakistan,SAS
HG03652,PJL,Punjabi from Lahore: Pakistan,SAS
HG03653,PJL,Punjabi from Lahore: Pakistan,SAS
HG03660,PJL,Punjabi from Lahore: Pakistan,SAS
HG03663,PJL,Punjabi from Lahore: Pakistan,SAS
HG03667,PJL,Punjabi from Lahore: Pakistan,SAS
HG03668,PJL,Punjabi from Lahore: Pakistan,SAS
HG03702,PJL,Punjabi from Lahore: Pakistan,SAS
HG03703,PJL,Punjabi from Lahore: Pakistan,SAS
HG03705,PJL,Punjabi from Lahore: Pakistan,SAS
HG03706,PJL,Punjabi from Lahore: Pakistan,SAS
HG03708,PJL,Punjabi from Lahore: Pakistan,SAS
HG03709,PJL,Punjabi from Lahore: Pakistan,SAS
HG03762,PJL,Punjabi from Lahore: Pakistan,SAS
HG03765,PJL,Punjabi from Lahore: Pakistan,SAS
HG03767,PJL,Punjabi from Lahore: Pakistan,SAS
HG03793,BEB,Bengali from Bangladesh,SAS
HG03796,BEB,Bengali from Bangladesh,SAS
HG03800,BEB,Bengali from Bangladesh,SAS
HG03802,BEB,Bengali from Bangladesh,SAS
HG03803,BEB,Bengali from Bangladesh,SAS
HG03805,BEB,Bengali from Bangladesh,SAS
HG03808,BEB,Bengali from Bangladesh,SAS
HG03809,BEB,Bengali from Bangladesh,SAS
HG03812,BEB,Bengali from Bangladesh,SAS
HG03814,BEB,Bengali from Bangladesh,SAS
HG03815,BEB,Bengali from Bangladesh,SAS
HG03817,BEB,Bengali from Bangladesh,SAS
HG03821,BEB,Bengali from Bangladesh,SAS
HG03823,BEB,Bengali from Bangladesh,SAS
HG03824,BEB,Bengali from Bangladesh,SAS
HG03826,BEB,Bengali from Bangladesh,SAS
HG03829,BEB,Bengali from Bangladesh,SAS
HG03830,BEB,Bengali from Bangladesh,SAS
HG03832,BEB,Bengali from Bangladesh,SAS
HG03833,BEB,Bengali from Bangladesh,SAS
HG03902,BEB,Bengali from Bangladesh,SAS
HG03905,BEB,Bengali from Bangladesh,SAS
HG03907,BEB,Bengali from Bangladesh,SAS
HG03908,BEB,Bengali from Bangladesh,SAS
HG03910,BEB,Bengali from Bangladesh,SAS
HG03911,BEB,Bengali from Bangladesh,SAS
HG03913,BEB,Bengali from Bangladesh,SAS
HG03914,BEB,Bengali from Bangladesh,SAS
HG03916,BEB,Bengali from Bangladesh,SAS
HG03917,BEB,Bengali from Bangladesh,SAS
HG03919,BEB,Bengali from Bangladesh,SAS
HG03920,BEB,Bengali from Bangladesh,SAS
HG03922,BEB,Bengali from Bangladesh,SAS
HG03925,BEB,Bengali from Bangladesh,SAS
HG03926,BEB,Bengali from Bangladesh,SAS
HG03928,BEB,Bengali from Bangladesh,SAS
HG03931,BEB,Bengali from Bangladesh,SAS
HG03934,BEB,Bengali from Bangladesh,SAS
HG03937,BEB,Bengali from Bangladesh,SAS
HG03940,BEB,Bengali from Bangladesh,SAS
HG03941,BEB,Bengali from Bangladesh,SAS
HG04131,BEB,Bengali from Bangladesh,SAS
HG04134,BEB,Bengali from Bangladesh,SAS
HG04140,BEB,Bengali from Bangladesh,SAS
HG04141,BEB,Bengali from Bangladesh,SAS
HG04144,BEB,Bengali from Bangladesh,SAS
HG04146,BEB,Bengali from Bangladesh,SAS
HG04152,BEB,Bengali from Bangladesh,SAS
HG04153,BEB,Bengali from Bangladesh,SAS
HG04155,BEB,Bengali from Bangladesh,SAS
HG04156,BEB,Bengali from Bangladesh,SAS
HG04158,BEB,Bengali from Bangladesh,SAS
HG04159,BEB,Bengali from Bangladesh,SAS
HG04161,BEB,Bengali from Bangladesh,SAS
HG04162,BEB,Bengali from Bangladesh,SAS
HG04164,BEB,Bengali from Bangladesh,SAS
HG04171,BEB,Bengali from Bangladesh,SAS
HG04173,BEB,Bengali from Bangladesh,SAS
HG04176,BEB,Bengali from Bangladesh,SAS
HG04177,BEB,Bengali from Bangladesh,SAS
HG04180,BEB,Bengali from Bangladesh,SAS
HG04182,BEB,Bengali from Bangladesh,SAS
HG04183,BEB,Bengali from Bangladesh,SAS
HG04185,BEB,Bengali from Bangladesh,SAS
HG04186,BEB,Bengali from Bangladesh,SAS
HG04188,BEB,Bengali from Bangladesh,SAS
HG04189,BEB,Bengali from Bangladesh,SAS
HG04194,BEB,Bengali from Bangladesh,SAS
HG04195,BEB,Bengali from Bangladesh,SAS
